,date,136088194,136088202,136088394,136088802,136089546,136110468,136216674,136222202,136222210,136222234,136222250,136222882,136223186,136224578,136224586,136224978,136225010,136675426,136675626,136676578,136676650,136676666,136676682,136676698,136676714,136676754
0,2015-05-03,0,0,0,0,1,504,0,2,8,0,0,0,0,2,8,0,189,0,0,0,0,0,0,0,0,0
1,2015-05-04,0,0,0,0,0,2250,0,1,2,0,0,0,0,1,2,0,894,0,0,0,0,0,0,0,0,0
2,2015-05-05,0,0,0,0,0,1700,0,2,5,0,0,0,0,2,5,0,2421,0,0,0,0,0,0,0,0,0
3,2015-05-06,0,0,0,0,0,2261,0,10,7,0,1,0,0,12,7,0,364,0,0,0,0,0,0,0,0,0
4,2015-05-07,0,0,0,0,0,2950,0,5,8,0,0,0,0,5,10,0,461,0,0,0,0,0,0,0,0,0
5,2015-05-08,0,0,0,0,0,2810,0,7,1,0,0,0,0,7,1,0,1997,0,0,0,0,0,0,0,0,0
6,2015-05-09,0,0,0,1,0,2023,0,3,1,0,0,0,0,4,1,0,7406,0,0,0,0,0,0,0,0,0
7,2015-05-10,0,0,0,0,0,3226,0,6,5,0,0,0,0,8,5,0,123,0,0,0,0,0,0,0,0,0
8,2015-05-11,0,0,0,0,0,1767,0,4,4,0,0,0,0,4,4,0,135,0,0,0,0,0,0,0,0,0
9,2015-05-12,0,0,0,0,0,3062,0,6,11,0,0,0,0,6,11,0,5296,0,0,0,0,0,0,0,0,0
10,2015-05-13,0,0,0,0,0,2340,0,8,9,0,0,0,0,9,11,0,98,0,0,0,0,0,0,0,0,0
11,2015-05-14,0,0,0,0,0,3130,0,7,8,0,0,0,0,7,8,0,600,0,0,0,0,0,0,0,0,0
12,2015-05-15,0,0,0,0,0,1552,0,6,9,0,0,0,0,6,9,1,539,0,0,0,0,0,0,0,0,0
13,2015-05-16,0,0,0,0,0,3572,0,4,2,0,0,0,0,4,2,0,453,0,0,0,0,0,0,0,0,0
14,2015-05-17,0,0,0,0,0,1501,0,1,5,0,0,0,0,1,5,0,487,0,0,0,0,0,0,0,0,0
15,2015-05-18,0,0,0,0,0,2617,0,2,9,0,0,0,0,2,10,0,654,0,0,0,8,0,0,0,0,0
16,2015-05-19,0,0,0,0,0,1847,0,3,1,0,1,0,0,3,1,0,1042,0,0,0,0,0,0,0,0,0
17,2015-05-20,0,0,0,0,0,2612,0,2,0,0,0,0,0,2,0,0,2168,0,0,0,0,0,0,0,0,0
18,2015-05-21,0,0,0,0,0,2157,0,5,3,0,0,0,0,5,3,0,467,0,0,0,0,0,0,0,0,0
19,2015-05-22,0,0,0,0,0,2515,0,3,1,0,0,0,1,3,1,0,660,0,0,0,0,0,0,0,0,0
20,2015-05-23,0,0,0,0,0,2223,0,1,1,0,0,0,0,1,1,2,451,0,0,0,0,0,0,0,0,0
21,2015-05-24,0,0,0,0,0,1584,0,5,10,0,0,0,1,5,10,1,508,0,0,0,0,0,0,0,0,0
22,2015-05-25,0,0,0,0,0,1582,0,1,11,0,0,0,0,1,11,2,494,0,0,0,0,0,0,0,0,0
23,2015-05-26,0,0,0,0,0,1942,0,2,3,0,0,0,0,2,3,0,506,0,0,0,0,0,0,0,0,0
24,2015-05-27,0,0,0,0,0,1825,0,3,7,0,0,1,0,3,7,0,512,0,0,0,0,0,0,0,0,0
25,2015-05-28,0,0,0,0,0,2335,0,2,1,0,0,0,0,2,1,0,1148,0,0,0,0,0,0,0,0,0
26,2015-05-29,0,0,0,0,0,2093,0,4,6,3,0,1,0,4,7,2,395,0,0,0,0,0,0,0,0,0
27,2015-05-30,0,0,0,0,0,354,0,4,0,0,0,0,0,9,0,0,0,0,0,0,0,0,0,0,0,0
28,2015-06-02,0,0,0,0,0,1564,0,2,5,0,0,0,0,2,5,0,18,0,0,0,0,0,0,0,0,0
29,2015-06-03,0,0,0,0,0,1481,0,2,10,0,0,0,0,2,10,0,1381,0,0,0,0,0,0,0,0,0
30,2015-06-04,2,0,0,0,0,2901,0,34,6,0,0,0,0,34,6,0,468,0,0,0,0,0,0,0,0,0
31,2015-06-05,0,0,0,0,0,1978,0,24,11,0,0,3,1,24,11,0,1738,0,0,0,0,0,0,0,0,0
32,2015-06-06,0,0,0,0,1,2282,0,4,8,0,0,2,0,4,8,0,1546,0,0,0,0,0,0,0,0,0
33,2015-06-07,0,0,0,0,0,1821,0,7,9,0,0,4,0,7,9,0,2036,0,0,0,0,0,0,0,0,0
34,2015-06-08,1,0,0,0,0,2430,0,7,5,0,0,0,1,7,5,0,1901,0,0,0,0,0,0,0,0,0
35,2015-06-09,0,1,0,0,0,1825,0,3,4,0,0,0,0,3,4,0,587,0,0,0,0,0,0,0,0,0
36,2015-06-10,1,0,0,0,0,2357,0,1,2,0,0,1,0,1,2,0,576,0,0,0,0,0,0,0,0,0
37,2015-06-11,3,0,0,0,0,2814,0,3,11,0,0,0,0,3,11,8,1086,0,0,0,0,0,0,0,0,0
38,2015-06-12,2,1,0,0,1,2687,0,2,14,0,0,0,0,2,16,0,667,0,0,0,0,0,0,0,0,0
39,2015-06-13,0,0,0,0,0,2263,0,6,16,1,0,0,0,6,17,0,453,0,0,0,0,0,0,0,0,0
40,2015-06-14,3,0,0,0,0,2810,0,1,2,0,0,0,0,1,2,0,448,0,0,0,0,0,0,0,0,0
41,2015-06-15,0,0,0,0,0,2938,0,3,1,0,0,0,0,5,1,0,456,0,0,0,0,0,0,0,0,0
42,2015-06-16,3,0,0,0,0,2284,0,2,8,0,0,0,0,2,8,0,439,0,0,0,0,0,0,0,0,0
43,2015-06-17,0,0,0,0,0,1025,0,2,5,0,0,0,0,2,5,0,429,0,0,0,0,0,0,0,0,0
44,2015-06-18,3,0,0,0,0,3089,0,7,6,0,0,0,1,7,6,0,432,0,0,0,0,0,0,0,0,0
45,2015-06-19,0,0,0,0,0,1486,0,2,3,0,0,0,0,2,3,0,471,0,0,0,0,0,0,0,0,0
46,2015-06-20,1,0,0,0,0,2311,0,6,23,0,0,0,0,6,23,0,458,0,0,0,0,0,0,0,0,0
47,2015-06-21,2,0,0,0,0,50491,0,5,7,0,0,0,0,5,7,0,415,0,0,0,0,0,0,0,0,0
48,2015-06-22,0,0,0,0,0,2609,0,1,6,0,0,0,1,1,8,2,268,0,0,0,0,0,0,0,0,0
49,2015-06-23,0,0,0,0,0,1650,0,4,9,0,0,0,0,4,9,0,497,0,0,0,0,0,0,0,0,0
50,2015-06-24,0,0,0,0,0,2554,0,2,16,0,0,0,0,4,16,0,480,0,0,0,0,0,0,0,0,0
51,2015-06-25,0,0,0,0,0,1608,0,4,8,0,0,0,0,4,9,0,463,0,0,0,0,0,0,0,0,0
52,2015-06-26,0,0,0,0,0,2129,0,2,9,0,0,0,0,2,9,3,422,0,0,0,0,0,0,0,0,0
53,2015-06-27,1,0,0,0,1,2192,0,3,32,0,0,0,0,4,35,0,363,0,0,0,0,0,0,0,0,0
54,2015-06-28,0,0,0,0,0,2789,0,1,4,0,0,0,0,2,5,1,495,0,0,0,0,0,0,0,0,0
55,2015-06-29,0,0,0,0,0,2232,0,7,4,0,0,1,0,7,5,1,447,0,0,0,2,0,0,0,0,0
56,2015-06-30,0,0,0,0,0,2817,0,5,18,0,0,0,0,5,18,3,452,0,0,0,0,0,0,0,0,0
57,2015-07-01,0,0,0,0,0,1715,0,7,17,0,0,0,1,8,17,0,1248,0,0,0,0,0,0,0,0,0
58,2015-07-02,0,0,0,0,0,3237,0,2,6,0,0,0,0,2,6,0,444,0,0,0,0,0,0,0,0,0
59,2015-07-03,0,0,0,0,0,3026,0,2,6,0,0,0,0,2,6,0,466,0,0,0,0,0,0,0,0,0
60,2015-07-04,0,0,0,0,0,2711,0,2,5,0,0,0,0,2,5,0,468,0,0,0,0,0,0,0,0,0
61,2015-07-05,0,0,0,0,0,1832,0,2,3,0,0,0,0,2,3,0,397,0,0,0,0,0,0,0,0,0
62,2015-07-06,0,0,0,0,0,1374,0,4,6,0,0,0,0,4,6,0,157,0,0,0,0,0,0,0,0,0
63,2015-07-07,0,0,0,0,0,1883,0,1,8,0,0,0,0,1,8,0,437,0,0,0,0,0,0,0,0,0
64,2015-07-08,0,0,0,0,0,2879,0,6,26,0,0,0,0,6,28,0,435,0,0,0,0,0,0,0,0,0
65,2015-07-09,0,0,0,0,0,1711,0,2,6,0,0,2,0,2,6,0,433,0,0,0,0,0,0,0,0,0
66,2015-07-10,0,0,0,0,0,2513,0,1,9,0,0,0,0,2,9,0,482,0,0,0,0,0,0,0,0,0
67,2015-07-11,0,0,0,0,0,2193,0,2,18,0,0,0,0,2,18,0,482,0,0,0,0,0,0,0,0,0
68,2015-07-12,1,0,0,0,0,2556,0,8,43,0,1,1,1,9,43,0,576,0,0,0,0,0,0,0,0,0
69,2015-07-13,0,0,0,0,0,1713,0,2,11,0,0,0,0,2,11,0,523,0,0,0,0,0,0,0,0,0
70,2015-07-14,0,0,0,0,0,2504,0,1,2,0,0,0,1,1,2,1,454,0,0,0,0,0,0,0,0,0
71,2015-07-15,0,0,0,0,0,1694,0,3,1,0,0,0,0,3,1,0,507,0,0,0,0,0,0,0,0,0
72,2015-07-16,0,0,0,0,0,2875,0,21,6,0,0,0,0,21,7,0,847,0,0,0,0,0,0,0,0,0
73,2015-07-17,0,0,0,0,0,1815,0,1,2,0,0,0,0,1,2,0,433,0,0,0,0,0,0,0,0,0
74,2015-07-18,0,0,0,0,0,2605,0,2,5,0,0,0,0,2,5,0,445,0,0,0,0,0,0,0,0,0
75,2015-07-19,0,0,0,0,0,1488,0,3,6,0,0,0,0,3,6,0,516,0,0,0,0,0,0,0,0,0
76,2015-07-20,0,0,0,0,0,2519,0,2,16,0,0,0,0,2,16,0,455,0,0,0,0,0,0,0,0,0
77,2015-07-21,0,0,0,0,0,2791,0,2,11,0,0,0,0,2,14,3,1011,0,0,0,0,0,0,0,0,0
78,2015-07-22,0,0,0,0,0,2902,0,2,10,0,0,0,0,2,11,0,518,0,0,0,0,0,0,0,0,0
79,2015-07-23,0,0,0,0,0,2172,0,2,3,0,0,0,0,2,5,0,465,0,0,0,0,0,0,0,0,0
80,2015-07-24,0,0,0,0,0,2318,0,2,3,0,0,0,0,2,3,0,538,0,0,0,0,0,0,0,0,0
81,2015-07-25,0,0,0,0,0,3395,0,3,2,0,0,0,0,4,2,0,486,0,0,0,0,0,0,0,0,0
82,2015-07-26,1,0,0,0,0,2212,0,5,3,0,0,0,0,5,4,0,483,0,0,0,2,0,0,0,0,0
83,2015-07-27,0,0,0,0,0,2115,0,3,5,0,0,0,0,3,5,0,363,0,0,0,0,0,0,0,0,0
84,2015-07-28,0,0,0,0,0,3014,0,5,6,0,0,0,0,5,7,0,2012,1,0,0,0,0,0,0,0,0
85,2015-07-29,0,0,0,0,0,2542,0,5,9,0,0,1,0,5,9,1,1208,0,0,0,0,0,0,0,0,0
86,2015-07-30,2,0,0,0,0,2826,0,3,2,0,0,0,0,3,2,0,525,0,0,0,0,0,0,0,0,0
87,2015-07-31,0,0,0,0,0,3889,0,0,6,0,0,1,0,0,7,0,2455,0,0,0,0,0,0,0,0,0
88,2015-08-01,2,0,0,0,0,3471,0,6,11,0,0,0,0,8,12,0,512,0,0,0,0,0,0,0,0,0
89,2015-08-02,0,0,0,0,0,1868,0,2,9,1,0,0,0,2,9,0,892,0,0,0,0,0,0,0,0,0
90,2015-08-03,0,0,0,0,0,2644,0,8,26,0,0,0,0,9,28,0,501,0,0,0,0,0,0,0,0,0
91,2015-08-04,0,0,0,0,0,1783,0,5,6,0,0,0,0,5,6,0,611,0,0,0,0,0,0,0,0,0
92,2015-08-05,0,0,0,0,0,2241,0,3,8,0,0,0,0,3,8,0,5,0,0,0,0,0,0,0,0,0
93,2015-08-06,1,0,0,0,0,2247,0,5,8,0,0,2,1,5,8,0,17,0,0,0,0,0,0,0,0,0
94,2015-08-07,0,0,0,0,0,3636,0,6,8,0,0,0,0,9,8,0,42,1,0,0,0,0,0,0,0,0
95,2015-08-08,3,0,0,0,0,2310,0,1,0,0,0,0,0,1,0,1,157,1,0,0,0,0,0,0,0,0
96,2015-08-09,0,0,0,0,0,808,0,1,5,0,0,0,0,1,5,0,23,0,0,0,0,0,0,0,0,0
97,2015-08-10,0,0,0,0,0,2487,0,3,6,0,0,0,0,3,6,0,61,0,0,0,0,0,0,0,0,0
98,2015-08-11,0,0,0,0,0,1920,0,2,10,1,0,0,0,3,10,0,10,0,0,0,0,0,0,0,0,0
99,2015-08-12,0,0,0,0,0,1719,0,8,7,0,0,0,0,8,7,0,1237,0,0,0,0,0,0,0,0,0
100,2015-08-13,0,0,0,0,0,2613,0,3,4,0,0,0,0,3,4,0,362,0,0,0,0,0,0,0,0,0
101,2015-08-14,0,0,0,0,0,3139,0,5,4,0,0,0,0,5,5,0,263,0,0,0,0,0,0,0,0,0
102,2015-08-15,0,0,0,0,0,2325,0,1,4,0,0,0,0,1,4,0,103,0,0,0,0,0,0,0,0,0
103,2015-08-16,2,0,0,0,0,67425,0,5,9,0,0,0,0,5,9,0,347,0,0,0,10,0,0,0,0,0
104,2015-08-17,0,0,0,0,0,3012,0,5,11,0,1,0,1,5,11,4,259,2,0,0,0,0,0,0,0,0
105,2015-08-18,0,0,0,0,0,2056,0,4,0,0,0,0,1,4,0,2,161,0,0,0,0,0,0,0,0,0
106,2015-08-19,0,0,0,0,1,2432,0,2,1,0,0,0,2,2,1,1,2338,0,0,0,0,0,0,0,0,0
107,2015-08-20,0,0,0,0,0,2971,0,5,3,0,0,1,7,5,3,5,4762,0,0,0,0,0,0,0,0,0
108,2015-08-21,0,0,0,0,0,2818,0,0,2,0,0,0,2,0,3,0,7801,0,0,0,0,0,0,0,0,0
109,2015-08-22,0,0,0,0,0,1686,0,6,1,0,0,0,0,6,1,0,15,0,0,0,0,0,0,0,0,0
110,2015-08-23,0,0,0,0,0,1898,0,25,4,0,0,0,0,25,4,1,3,0,0,0,0,0,0,0,0,0
111,2015-08-24,1,0,0,0,0,3123,0,3,2,0,0,0,0,3,3,0,2,0,0,0,0,0,0,0,0,0
112,2015-08-25,0,1,0,0,0,1784,0,2,0,0,0,3,9,2,0,10,34,0,0,0,0,0,0,0,0,0
113,2015-08-26,0,0,0,0,0,1696,0,4,5,0,0,1,1,5,12,1,1,0,0,0,0,0,0,0,0,0
114,2015-08-27,0,0,0,0,0,2139,0,0,6,0,0,0,1,0,6,1,60,0,0,0,0,0,0,0,0,0
115,2015-08-28,0,0,0,0,1,2252,0,4,2,0,0,0,0,4,4,0,1,0,0,0,0,0,0,0,0,0
116,2015-08-29,0,0,0,0,0,1944,0,2,1,0,0,0,0,2,1,0,0,0,0,0,0,0,0,0,0,0
117,2015-08-30,0,0,0,0,0,3784,0,7,5,0,0,0,0,7,5,0,2,0,0,0,0,0,0,0,0,0
118,2015-08-31,1,0,0,0,0,2644,0,2,10,0,0,0,5,2,10,4,0,0,0,0,0,0,0,0,0,0
119,2015-09-01,0,0,0,0,0,2338,0,2,1,0,0,0,0,2,1,0,0,0,0,0,0,0,0,0,0,0
120,2015-09-02,1,0,0,0,0,2509,0,4,2,0,0,4,0,4,2,5,78,0,0,0,0,0,0,0,0,0
121,2015-09-03,0,0,0,0,0,1671,0,2,12,0,0,2,3,3,12,0,0,0,0,0,0,0,0,0,0,0
122,2015-09-04,0,0,0,0,0,2469,0,1,1,0,0,1,7,1,1,0,4,1,0,0,0,0,0,0,0,0
123,2015-09-05,0,0,0,0,0,2663,0,4,2,0,0,1,3,4,3,0,3,0,0,0,0,0,0,0,0,0
124,2015-09-06,0,0,0,0,0,3032,0,7,4,0,0,6,2,7,6,0,1,0,0,0,0,0,0,0,0,0
125,2015-09-07,0,0,0,0,0,2165,0,2,1,0,0,0,0,2,1,1,0,0,0,0,0,0,0,0,0,0
126,2015-09-08,0,0,0,0,0,2331,0,59,2,0,0,0,0,59,2,0,0,0,0,0,0,0,0,0,0,0
127,2015-09-09,0,0,0,0,0,1836,0,3,1,0,0,2,0,3,1,12,0,0,0,0,0,0,0,0,0,0
128,2015-09-10,2,0,0,0,0,3609,0,4,0,0,1,3,0,4,0,0,0,0,0,0,0,0,0,0,0,0
129,2015-09-11,2,0,0,0,0,3464,0,1,2,0,0,2,0,1,2,2,67,0,0,0,0,0,0,0,0,0
130,2015-09-12,3,0,0,0,3,3450,0,5,1,0,0,0,0,5,1,0,0,0,0,0,0,0,0,0,0,0
131,2015-09-13,1,0,0,0,0,1162,0,3,3,1,0,0,0,3,3,0,0,0,0,0,0,0,0,0,0,0
132,2015-09-14,0,0,0,0,0,3065,0,17,0,0,0,1,2,17,0,7,12,0,0,0,0,0,0,0,0,0
133,2015-09-15,1,0,0,0,0,1699,0,5,0,0,0,0,0,5,0,0,0,0,0,0,0,0,0,0,0,0
134,2015-09-16,0,0,0,0,0,1979,0,2,2,0,0,0,0,2,2,0,1,0,0,0,0,0,0,0,0,0
135,2015-09-17,0,0,0,0,0,2163,0,2,4,0,0,0,0,2,4,0,4,0,0,0,0,0,0,0,0,0
136,2015-09-18,0,0,0,0,0,2373,0,1,14,0,0,0,0,1,14,0,0,0,0,0,0,0,0,0,0,0
137,2015-09-19,1,0,0,0,0,1837,0,4,0,0,0,0,0,4,0,0,1,0,0,0,0,0,0,0,0,0
138,2015-09-20,0,0,0,0,0,2291,0,3,3,0,0,0,0,3,3,0,0,0,0,0,0,0,0,0,0,0
139,2015-09-21,0,0,0,0,0,2555,0,2,0,0,0,0,0,2,0,0,1,0,0,0,0,0,0,0,0,0
140,2015-09-22,4,0,0,0,0,2331,0,6,24,1,0,0,0,6,28,7,18,0,0,0,0,0,0,0,0,0
141,2015-09-23,0,0,0,0,0,2289,0,6,1,1,1,0,0,6,1,5,2,0,0,4,0,0,0,0,0,0
142,2015-09-24,0,0,0,0,0,2818,0,2,2,0,0,0,1,2,2,0,2,0,0,0,0,0,0,0,0,0
143,2015-09-25,0,0,0,0,0,1754,0,10,6,0,0,0,0,10,8,0,1,0,0,0,0,0,0,0,0,0
144,2015-09-26,0,0,0,0,0,2663,0,25,26,0,0,5,5,25,28,0,3,0,0,0,0,0,0,0,0,0
145,2015-09-27,0,0,0,0,0,1478,0,4,8,0,0,0,2,4,8,9,2,0,0,0,0,0,0,0,0,0
146,2015-09-28,0,0,0,0,0,2420,0,3,1,0,0,0,0,3,1,1,0,0,0,1,0,0,0,0,0,0
147,2015-09-29,2,0,0,0,0,2656,0,4,23,0,1,0,0,4,23,3,7,0,0,1,0,0,0,0,0,0
148,2015-09-30,4,0,0,0,0,3038,0,1,3,0,0,0,0,1,3,2,0,0,0,0,0,0,0,0,0,0
149,2015-10-01,3,0,0,0,0,1104,0,2,0,0,0,0,0,2,0,6,0,0,0,0,0,0,0,0,0,0
150,2015-10-02,8,0,0,0,0,3118,0,1,9,0,0,0,0,1,9,2,0,0,0,0,0,0,0,0,0,0
151,2015-10-03,0,0,0,0,0,2118,0,3,5,0,0,0,0,3,5,2,1,0,0,0,0,0,0,0,0,0
152,2015-10-04,1,0,0,0,0,1990,0,2,1,0,0,0,1,2,1,8,1,0,0,0,0,0,0,0,0,0
153,2015-10-05,2,0,0,0,0,2149,0,2,2,0,0,0,1,2,2,11,2,0,0,0,0,0,0,0,0,0
154,2015-10-06,7,0,0,0,0,2586,0,2,5,0,0,0,0,2,5,7,2,0,0,0,0,0,0,0,0,0
155,2015-10-07,10,0,0,0,0,1675,0,2,4,0,0,0,0,2,4,3,4,0,0,0,0,0,0,0,0,0
156,2015-10-08,5,0,0,0,0,3045,0,2,6,0,0,0,1,2,7,1,0,0,0,0,0,0,0,0,0,0
157,2015-10-09,1,0,0,0,0,1933,0,2,3,0,0,0,0,2,4,1,0,0,0,0,0,0,0,0,0,0
158,2015-10-10,0,0,0,0,0,4725,0,3,0,0,0,0,0,3,0,3,41,0,0,0,0,0,0,0,0,0
159,2015-10-11,0,0,0,0,0,1746,0,4,0,0,0,0,1,4,0,0,0,0,0,0,0,0,0,0,0,0
160,2015-10-12,0,0,0,0,0,2401,0,1,1,0,0,0,1,1,1,2,45,0,0,0,0,0,0,0,0,0
161,2015-10-13,0,0,0,0,0,40258,0,3,2,0,0,3,1,3,2,6,1,0,0,0,0,0,0,0,0,0
162,2015-10-14,5,15,0,0,0,18287,0,4,3,0,0,0,0,4,3,1,70,0,0,0,1,0,0,0,0,0
163,2015-10-15,4,1,0,0,0,1979,0,4,6,1,0,0,0,4,6,0,254,0,0,0,0,0,0,0,0,0
164,2015-10-16,3,0,0,0,0,2340,0,1,3,0,0,0,0,1,3,0,1,0,0,0,0,0,0,0,0,0
165,2015-10-17,9,0,0,0,0,2199,0,5,2,0,0,0,0,5,2,0,0,0,0,0,0,0,0,0,0,0
166,2015-10-18,0,0,0,0,1,2534,0,4,5,0,0,0,0,4,5,0,102,0,0,0,0,0,0,0,0,0
167,2015-10-19,3,0,0,0,0,1355,0,0,2,0,0,0,0,0,2,0,0,0,0,0,0,0,0,0,0,0
168,2015-10-20,6,0,0,0,0,3722,0,2,14,0,0,0,0,2,15,0,2,0,0,1,0,0,0,0,0,0
169,2015-10-21,14,0,0,0,0,1558,0,13,10,0,0,1,0,13,11,0,5,0,0,0,0,0,0,0,0,0
170,2015-10-22,0,0,0,1,0,1502,0,0,5,0,0,0,0,0,6,0,3,0,0,0,0,0,0,0,0,0
171,2015-10-23,3,0,0,0,0,18,0,3,3,0,0,1,3,3,3,0,18,0,0,0,0,0,0,0,0,0
172,2015-10-24,0,0,0,0,0,29,0,2,0,0,0,0,10,2,0,0,1,0,0,0,0,0,0,0,0,0
173,2015-10-25,0,0,0,0,0,27,0,4,1,0,0,0,11,4,2,0,1,0,0,0,0,0,0,0,0,0
174,2015-10-26,0,0,0,0,0,7,0,1,0,0,0,0,3,1,0,0,7,0,0,1,0,0,0,0,0,0
175,2015-10-27,1,0,0,0,0,19,0,3,0,0,0,0,0,3,0,1,0,0,0,0,0,0,0,0,0,0
176,2015-10-28,2,0,0,0,0,13,0,3,0,0,0,0,10,5,0,1,0,0,0,0,0,0,0,0,0,0
177,2015-10-29,0,0,0,0,0,24,0,4,0,0,0,0,1,4,0,0,1,0,0,0,0,0,0,0,0,0
178,2015-10-30,0,0,0,0,0,45,0,20,24,0,0,0,0,22,30,7,2,0,0,0,0,0,0,0,0,0
179,2015-10-31,1,0,0,0,0,6,0,11,0,0,0,0,0,11,0,0,1,0,0,0,0,0,0,0,0,0
180,2015-11-01,4,0,0,0,0,27,0,21,17,0,0,0,0,21,18,0,1,0,0,1,9,0,0,0,0,0
181,2015-11-02,0,0,0,0,0,0,0,3,0,0,0,0,0,3,0,0,1,0,0,1,0,0,0,0,0,0
182,2015-11-03,0,0,0,0,0,12,0,5,12,0,0,0,0,5,12,0,0,2,0,0,0,0,0,0,0,0
183,2015-11-04,0,0,0,0,0,3,0,3,2,0,0,0,0,3,2,2,27,0,0,0,0,0,0,0,0,0
184,2015-11-05,0,0,0,0,0,17,0,6,15,0,0,0,0,6,16,0,12,0,0,0,0,0,0,0,0,0
185,2015-11-06,1,0,0,0,0,2,0,2,1,0,0,0,1,2,1,0,2,0,0,0,0,0,0,0,0,0
186,2015-11-07,0,0,0,0,0,13,0,4,6,0,0,0,1,4,8,0,3,0,0,0,0,0,0,0,0,0
187,2015-11-08,0,0,0,0,0,5,0,5,1,0,1,0,3,5,1,38,1,0,0,0,0,0,0,0,0,0
188,2015-11-09,0,0,0,0,0,7,0,6,2,0,0,4,0,6,2,8,3,0,0,1,0,0,0,0,0,0
189,2015-11-10,0,0,0,0,1,25,0,14,23,0,0,0,0,14,23,3,0,0,0,0,0,0,0,0,0,0
190,2015-11-11,0,0,0,0,0,9,0,4,6,0,0,1,1,4,6,1,2,0,0,0,0,0,0,0,0,0
191,2015-11-12,0,0,0,0,0,13,0,6,6,0,0,4,1,6,7,1,1,0,0,0,0,0,0,0,0,0
192,2015-11-13,0,0,0,0,0,5,0,4,0,0,1,0,1,4,0,0,1,0,0,0,0,0,0,0,0,0
193,2015-11-14,1,0,0,0,0,4,0,1,2,0,1,0,0,1,2,0,2,0,0,0,0,0,0,0,0,0
194,2015-11-15,4,0,0,0,0,44,0,15,12,0,0,0,0,22,16,0,1,0,0,0,0,0,0,0,0,0
195,2015-11-16,0,0,0,0,0,3,0,3,3,0,0,0,8,3,3,0,3,0,0,1,0,0,0,0,0,0
196,2015-11-17,0,0,0,0,0,3,0,3,1,0,0,0,4,3,1,0,1,0,0,0,0,0,0,0,0,0
197,2015-11-18,1,0,0,0,0,19,0,14,6,0,0,0,2,14,7,0,4,0,0,0,0,0,0,0,0,0
198,2015-11-19,0,0,0,0,0,3,0,5,1,0,0,0,3,5,1,0,0,0,0,0,0,0,0,0,0,0
199,2015-11-20,0,0,0,0,0,10,0,4,8,0,1,0,5,4,9,0,2,0,0,1,0,0,0,0,0,0
200,2015-11-21,6,0,0,0,0,21,0,3,1,0,0,0,3,3,1,0,1,0,0,1,0,0,0,0,0,0
201,2015-11-22,0,0,0,0,0,8,0,9,0,0,0,0,6,9,0,0,0,0,0,0,0,0,0,0,0,0
202,2015-11-23,0,0,0,0,0,1,0,2,3,0,0,0,14,2,3,1,1,0,0,0,0,0,0,0,0,0
203,2015-11-24,0,0,0,0,0,4,0,2,1,0,0,0,1,2,1,0,2,0,0,2,0,0,0,0,0,0
204,2015-11-25,0,0,0,0,0,11,0,2,2,0,0,0,1,2,2,0,2,0,0,0,0,0,0,0,0,0
205,2015-11-26,0,0,0,0,0,4,0,1,13,0,0,0,0,1,13,0,1,0,0,0,22,0,0,0,0,0
206,2015-11-27,0,0,0,0,0,3,0,3,2,0,0,0,0,3,2,0,0,2,0,0,0,0,0,0,0,0
207,2015-11-28,0,0,0,0,0,53,0,39,66,0,4,0,8,40,67,0,2,0,0,0,0,0,0,0,0,0
208,2015-11-29,0,0,0,0,0,9,0,5,7,0,0,0,0,5,7,0,0,0,0,0,0,0,0,0,0,0
209,2015-11-30,0,0,0,0,0,2,0,2,5,0,0,0,0,2,5,0,0,0,0,0,0,0,0,0,0,0
210,2015-12-01,0,0,0,0,0,7,0,3,11,0,0,0,1,3,11,0,1,0,0,0,0,0,0,0,0,0
211,2015-12-02,0,0,0,0,0,4,0,1,1,0,0,0,1,1,1,0,0,0,0,0,0,0,0,0,0,0
212,2015-12-03,0,0,0,0,0,4,0,6,1,0,0,1,0,6,1,0,0,0,0,1,0,0,0,0,0,0
213,2015-12-04,0,0,0,0,0,4,0,2,10,0,0,0,1,2,10,0,0,0,0,0,1,0,0,0,0,0
214,2015-12-05,0,0,0,0,0,1,0,2,5,0,0,1,1,2,5,0,17,0,0,0,0,0,0,0,0,0
215,2015-12-06,0,0,0,0,0,1,0,2,1,0,0,0,0,2,1,1,29,0,0,0,0,0,0,0,0,0
216,2015-12-07,0,1,0,0,0,0,0,2,0,0,0,2,1,2,0,10,33,0,0,1,0,0,0,0,0,0
217,2015-12-08,0,0,0,0,0,5,0,4,5,0,0,0,2,4,5,0,10,0,0,0,0,0,0,0,0,0
218,2015-12-09,0,0,0,0,0,4,0,3,3,0,0,1,1,5,3,18,22,0,0,0,0,0,0,0,0,0
219,2015-12-10,0,0,0,0,0,2,0,1,2,0,0,3,1,2,2,21,16,0,0,0,0,0,0,0,0,0
220,2015-12-11,0,0,0,0,0,3,0,1,1,0,0,0,0,1,1,1,12,1,0,0,0,0,0,0,0,0
221,2015-12-12,0,0,0,0,0,2,0,3,1,0,0,0,0,4,1,2,17,0,0,0,0,0,0,0,0,0
222,2015-12-13,1,0,0,0,0,31,0,9,21,0,0,1,1,9,24,5,24,0,0,0,1,0,0,0,0,0
223,2015-12-14,0,0,0,0,0,42,0,40,1,0,0,0,27,41,1,3,11,0,0,0,0,0,0,0,0,0
224,2015-12-15,0,0,0,0,0,12,0,4,2,0,0,1,20,4,2,0,8,0,0,0,0,0,0,0,0,0
225,2015-12-16,1,0,0,0,0,17,0,3,11,0,0,1,9,3,11,0,2,0,0,1,0,0,0,0,0,0
226,2015-12-17,0,0,0,0,0,9,0,2,4,0,0,1,0,2,4,0,1,0,0,0,0,0,0,0,0,0
227,2015-12-18,8,0,0,0,0,15,0,4,3,0,1,0,0,4,4,0,3,0,0,0,0,0,0,0,0,0
228,2015-12-19,1,0,0,5,0,22,0,2,10,0,0,0,0,2,10,0,0,0,0,0,0,0,0,0,0,0
229,2015-12-20,0,0,0,0,0,5,0,4,0,0,0,0,0,4,0,0,1,0,0,1,0,0,0,0,0,0
230,2015-12-21,5,0,0,0,0,21,0,3,6,0,0,0,0,3,6,0,2,0,0,0,0,0,0,0,0,0
231,2015-12-22,0,0,0,0,0,5,0,3,3,0,0,0,0,3,3,0,9,0,0,0,0,0,0,0,0,0
232,2015-12-23,0,0,0,0,0,7,0,4,0,0,1,0,0,4,0,0,2,0,0,0,0,0,0,0,0,0
233,2015-12-24,0,0,0,0,0,5,0,3,1,0,0,0,0,4,1,0,0,0,0,0,0,0,0,0,0,0
234,2015-12-25,2,0,0,0,0,8,0,3,7,0,0,0,0,3,9,0,0,0,0,0,0,0,0,0,0,0
235,2015-12-26,0,0,0,0,0,2,0,2,2,0,0,0,0,2,2,0,1,0,0,0,0,0,0,0,0,0
236,2015-12-27,0,0,0,0,0,3,0,2,1,0,0,0,0,2,1,0,1,0,0,1,0,0,0,0,0,0
237,2015-12-28,0,0,0,0,0,10,0,3,8,0,0,0,0,3,8,0,0,0,0,0,0,0,0,0,0,0
238,2015-12-29,0,0,0,0,0,10,0,6,4,0,0,0,0,6,5,0,2,0,0,0,0,0,0,0,0,0
239,2015-12-30,0,0,0,0,0,6,0,3,3,1,1,0,0,3,4,0,3,0,0,0,0,0,0,0,0,0
240,2015-12-31,0,0,0,0,0,4,0,2,1,0,0,0,0,2,1,0,3,2,0,1,0,0,0,0,0,0
241,2016-01-01,0,0,0,0,0,7,0,4,2,0,0,0,1,4,2,0,1,0,0,0,0,0,0,0,0,0
242,2016-01-02,0,0,0,0,0,5,0,4,1,0,0,0,0,4,1,0,4,2,0,0,0,0,0,0,0,0
243,2016-01-03,0,0,0,0,0,9,0,4,8,0,0,0,0,4,8,0,0,0,0,0,0,0,0,0,0,0
244,2016-01-04,0,0,0,0,0,19,0,6,4,0,0,0,0,7,10,0,3,0,0,0,0,0,0,0,0,0
245,2016-01-05,6,0,0,0,0,42,0,8,17,0,0,1,0,10,18,0,3,0,0,0,0,0,0,0,0,0
246,2016-01-06,0,0,0,0,0,14,0,1,4,0,0,1,1,1,4,43,5,0,0,0,0,0,0,0,0,0
247,2016-01-07,0,0,0,0,0,19,0,6,7,0,0,0,0,6,8,0,4,0,0,0,0,0,0,0,0,0
248,2016-01-08,0,0,0,0,0,8,0,3,1,0,0,0,0,3,1,0,2,0,0,0,0,0,0,0,0,0
249,2016-01-09,0,0,0,0,0,16,0,4,13,0,0,1,0,4,13,2,4,0,0,0,0,0,0,0,0,0
250,2016-01-10,0,0,0,0,0,19,0,6,10,0,0,0,2,7,11,2,2,0,0,5,0,0,0,0,0,0
251,2016-01-11,1,0,0,0,0,21,0,15,10,0,0,0,0,16,10,4,5,0,0,0,0,0,0,0,0,0
252,2016-01-12,0,0,0,0,0,33,0,15,17,0,1,0,0,16,19,1,5,0,0,1,0,0,0,0,0,0
253,2016-01-13,0,0,0,0,0,12,0,4,15,0,0,1,0,4,16,0,12,0,0,1,0,0,0,0,0,0
254,2016-01-14,0,0,0,0,0,11,0,4,11,0,0,0,0,4,11,1,6,0,0,0,0,0,0,0,0,0
255,2016-01-15,0,0,0,0,0,40,0,10,44,0,0,0,1,12,45,3,11,0,0,0,0,0,0,0,0,0
256,2016-01-16,0,0,0,0,0,18,0,2,9,0,0,0,0,2,9,1,1,0,0,0,0,0,0,0,0,0
257,2016-01-17,1,0,0,0,0,62,0,16,29,0,1,0,1,16,29,1,7,1,0,0,0,0,0,0,0,0
258,2016-01-18,0,0,0,0,0,34,0,6,12,0,0,4,2,6,12,0,0,0,0,0,0,0,0,0,0,0
259,2016-01-19,0,0,0,0,0,20,0,4,3,0,1,0,0,4,3,1,1,1,0,0,0,0,0,0,0,0
260,2016-01-20,0,0,0,0,0,7,0,3,6,0,1,0,2,5,6,0,0,0,0,0,0,0,0,0,0,0
261,2016-01-21,0,0,0,0,0,23,0,16,18,0,0,0,0,17,19,0,1,0,0,0,5,0,0,0,0,0
262,2016-01-22,0,0,0,0,0,37,0,17,26,0,0,0,0,18,28,1,1,0,0,0,0,0,0,0,0,0
263,2016-01-23,0,0,0,0,0,17,0,1,20,2,0,0,1,1,21,1,1,0,0,0,0,0,0,0,0,0
264,2016-01-24,0,0,0,0,0,7,0,2,6,2,0,0,0,3,6,0,0,0,0,0,0,0,0,0,0,0
265,2016-01-25,0,0,0,0,0,9,0,1,10,0,0,0,0,1,11,0,1,2,0,0,0,0,0,0,0,0
266,2016-01-26,2,6,0,0,1,25,0,9,12,0,0,0,0,12,16,0,6,7,0,0,0,0,0,0,0,0
267,2016-01-27,0,0,0,0,0,27,0,6,24,0,0,0,2,7,25,0,2,0,0,0,0,0,0,0,0,0
268,2016-01-28,1,0,0,0,0,55,0,16,77,0,0,0,0,17,85,0,2,0,0,0,0,0,0,0,0,0
269,2016-01-29,0,0,0,0,0,14,0,8,8,0,0,0,1,8,8,1,5,1,0,1,0,0,0,0,0,0
270,2016-01-30,2,0,0,0,0,4,0,2,2,0,0,0,0,3,2,2,7,0,0,0,0,0,0,0,0,0
271,2016-01-31,1,0,0,0,0,3,0,2,2,0,0,1,5,2,2,0,11,0,0,0,0,0,0,0,0,0
272,2016-02-01,0,0,0,0,0,18,0,6,11,0,1,0,5,7,11,2,8,0,0,0,0,0,0,0,0,0
273,2016-02-02,0,0,0,0,0,17,0,5,7,0,2,0,2,6,7,4,12,0,0,0,0,9,13,7,14,559
274,2016-02-03,0,0,0,0,0,2,0,2,0,0,0,0,0,2,0,0,6,0,0,0,0,9,5,5,14,273
275,2016-02-04,0,0,0,0,0,4,0,6,0,0,0,0,1,6,0,0,29,0,0,2,0,57,34,16,26,941
276,2016-02-05,0,0,0,0,0,7,0,1,0,0,0,0,0,1,0,0,11,0,0,0,0,4,5,17,13,321
277,2016-02-06,0,0,0,0,0,8,0,3,2,1,2,0,0,3,2,0,22,0,0,0,0,9,3,7,18,302
278,2016-02-07,0,0,0,0,0,12,0,4,0,0,0,1,0,4,0,0,12,0,0,0,0,9,0,2,10,193
279,2016-02-08,0,0,0,0,0,34,0,2,1,0,0,0,0,2,1,0,15,0,0,0,0,2,2,6,33,319
280,2016-02-09,0,0,0,0,0,9,0,1,1,0,0,0,0,1,1,0,7,0,0,0,0,4,6,9,13,248
281,2016-02-10,0,0,0,0,0,3,0,1,1,0,0,1,0,1,1,0,10,2,0,0,0,5,2,6,2,146
282,2016-02-11,0,0,0,0,0,6,0,1,1,0,0,0,0,1,1,0,2,1,0,1,0,4,4,5,2,148
283,2016-02-12,1,0,0,0,0,5,0,1,1,0,0,0,0,1,1,0,8,3,0,0,0,1,1,1,1,99
284,2016-02-13,1,0,0,0,0,7,0,2,2,0,0,0,0,2,2,0,8,3,0,0,0,4,3,11,3,199
285,2016-02-14,2,0,0,3,0,5,0,1,0,0,0,1,0,1,3,0,4,21,0,0,0,4,8,1,38,401
286,2016-02-15,0,0,0,0,0,5,0,2,2,1,1,0,0,2,2,2,9,0,0,0,0,6,6,16,22,402
287,2016-02-16,1,0,0,0,0,14,0,5,0,0,0,0,0,5,0,1,5,0,0,0,0,1,10,10,20,343
288,2016-02-17,0,0,0,0,0,2,0,1,0,2,0,0,0,1,0,0,9,0,0,0,0,4,2,4,8,184
289,2016-02-18,0,0,0,0,0,4,0,2,2,0,0,0,0,2,2,4,14,0,0,0,0,5,1,2,14,198
290,2016-02-19,0,0,0,0,0,10,0,3,2,2,0,0,0,3,2,1,9,1,0,0,0,41,7,9,43,688
291,2016-02-20,0,0,0,0,0,8,0,2,2,0,0,7,0,2,3,9,65,0,0,0,0,34,2,1,16,405
292,2016-02-21,0,0,0,0,0,6,0,3,0,0,0,0,0,3,0,0,7,0,0,2,0,39,1,2,21,454
293,2016-02-22,0,0,0,0,0,47,0,3,1,0,0,1,0,3,1,0,12,0,0,1,0,20,1,8,14,332
294,2016-02-23,0,0,0,0,0,14,0,2,0,0,0,0,0,2,0,0,14,0,0,1,0,0,0,0,1,34
295,2016-02-24,4,0,0,0,0,5,0,1,1,8,0,0,0,1,2,0,17,0,0,0,0,1,1,0,2,63
296,2016-02-25,0,0,0,0,0,10,0,3,0,13,1,1,0,3,0,0,27,0,0,0,0,13,13,13,12,411
297,2016-02-26,0,0,0,0,0,17,0,1,3,1,0,0,0,1,4,0,6,0,0,1,0,0,0,12,3,127
298,2016-02-27,0,0,0,0,0,4,0,1,3,0,0,1,0,2,5,0,12,0,0,1,0,1,1,15,3,192
299,2016-02-28,5,0,0,0,0,7,2,4,4,0,0,0,0,4,4,0,3,0,0,0,0,30,2,1,20,411
300,2016-02-29,6,0,0,0,1,11,0,2,0,0,1,1,0,2,0,0,5,0,0,0,0,12,4,3,32,410
301,2016-03-01,3,0,0,0,0,34,0,3,1,0,0,0,0,3,1,2,4,0,0,1,0,4,12,22,12,386
302,2016-03-02,13,0,0,0,0,19,0,3,0,0,0,0,0,3,2,0,15,0,0,0,0,4,7,2,4,153
303,2016-03-03,29,0,0,0,2,33,0,22,5,0,1,0,0,24,6,0,11,0,0,0,0,0,8,5,0,123
304,2016-03-04,7,0,0,0,0,3,0,3,5,0,0,0,0,4,5,5,9,0,0,0,0,0,0,2,1,54
305,2016-03-05,10,0,0,0,0,41,0,7,4,0,0,0,0,7,11,0,5,0,0,0,0,8,10,44,10,553
306,2016-03-06,2,0,0,0,0,6,0,1,1,0,0,1,13,1,1,0,1,0,0,0,0,21,20,19,17,576
307,2016-03-07,0,0,0,0,0,4,0,4,1,0,0,0,1,4,1,0,1,0,0,1,0,12,9,10,14,339
308,2016-03-08,5,0,0,0,1,4,0,2,0,0,0,0,0,2,0,0,1,0,0,0,0,0,35,22,2,414
309,2016-03-09,21,0,0,0,0,12,0,5,0,0,0,0,0,5,0,0,0,0,0,0,5,9,7,15,2,263
310,2016-03-10,10,0,0,0,0,20,0,3,1,0,0,0,1,3,1,0,2,0,0,0,0,3,0,11,0,140
311,2016-03-11,17,0,0,0,0,2,0,2,0,0,0,1,0,2,0,0,2,0,0,0,0,3,4,3,2,145
312,2016-03-12,0,0,0,0,2,3,0,3,0,0,0,1,0,3,0,0,3,0,0,2,0,0,1,0,0,61
313,2016-03-13,4,0,0,0,0,4,0,1,0,0,0,0,0,1,0,0,0,0,0,0,0,7,11,15,8,284
314,2016-03-14,0,0,0,0,0,3,0,2,0,0,0,0,2,2,0,0,0,0,0,2,0,1,0,1,0,28
315,2016-03-15,0,0,0,0,0,24,0,1,1,0,0,0,4,1,1,3,0,0,0,1,0,0,0,21,2,178
316,2016-03-16,7,0,0,0,0,15,0,3,3,0,0,0,0,3,4,1,0,0,0,0,0,0,5,2,0,55
317,2016-03-17,3,0,0,0,0,8,0,4,0,0,0,1,0,5,0,0,0,0,0,0,0,0,15,0,0,129
318,2016-03-18,0,0,0,0,0,10,0,7,4,0,0,0,1,7,4,1,0,0,0,1,0,0,0,0,0,47
319,2016-03-19,0,0,0,0,0,6,0,2,0,0,0,0,0,2,0,3,1,1,0,0,0,0,0,0,9,70
320,2016-03-20,1,0,0,0,0,1,0,1,1,0,0,1,0,1,1,9,1,0,0,0,0,0,8,0,1,96
321,2016-03-21,8,0,0,0,0,10,0,1,2,0,0,0,0,3,3,0,3,0,0,0,0,0,0,0,0,14
322,2016-03-22,0,0,0,0,0,8,0,1,0,0,0,0,1,1,0,2,4,0,0,0,0,3,1,0,0,48
323,2016-03-23,0,0,0,0,0,19,0,5,2,0,0,0,1,5,2,0,9,0,0,0,0,21,14,15,15,486
324,2016-03-24,8,0,0,0,1,13,0,2,2,0,0,0,1,2,2,0,19,0,0,0,0,0,0,1,1,29
325,2016-03-25,5,0,0,0,0,8,0,6,0,0,0,0,0,8,1,1,2,0,0,0,0,2,0,3,8,119
326,2016-03-26,2,0,0,0,0,12,0,3,0,0,0,0,0,5,0,0,4,0,0,2,0,1,0,1,1,58
327,2016-03-27,0,0,0,0,0,6,0,2,2,0,0,0,0,5,3,0,2,0,0,0,0,0,0,0,0,24
328,2016-03-28,0,0,0,0,0,5,0,8,1,0,0,0,0,9,1,0,1,0,0,0,0,3,7,2,2,101
329,2016-03-29,0,0,0,0,0,5,0,2,1,0,0,0,0,3,1,1,1,0,0,0,0,0,1,0,1,45
330,2016-03-30,0,0,0,0,2,9,0,3,1,0,0,0,1,3,1,0,2,8,0,0,0,5,18,13,0,260
331,2016-03-31,0,0,0,0,0,8,0,3,1,0,0,0,5,4,1,0,1,0,0,0,0,0,0,14,0,105
332,2016-04-01,3,0,0,0,1,16,0,10,4,0,0,1,1,12,5,0,2,0,0,1,0,3,1,10,4,159
333,2016-04-02,0,0,0,0,0,4,0,3,0,0,0,0,2,5,0,0,0,0,0,0,0,0,0,0,0,39
334,2016-04-03,2,0,0,0,0,12,0,6,3,0,0,0,1,7,3,1,3,0,0,0,0,25,1,1,1,221
335,2016-04-04,0,0,0,0,0,44,0,1,0,0,0,0,1,2,0,0,2,0,0,0,0,1,17,26,4,352
336,2016-04-05,0,0,0,0,0,47,0,12,3,0,0,0,1,12,3,2,2,0,0,1,0,11,36,28,33,727
337,2016-04-06,1,0,0,0,1,24,0,1,1,0,0,1,0,2,2,5,2,0,0,0,0,0,0,0,3,32
338,2016-04-07,1,0,0,0,1,12,0,2,3,0,0,1,25,3,3,10,15,0,0,1,0,0,3,0,1,45
339,2016-04-08,0,0,0,0,0,29,0,2,0,0,0,0,6,9,0,1,1,0,0,0,0,1,0,1,0,34
340,2016-04-09,0,0,0,0,2,12,0,2,0,0,0,0,0,4,0,0,4,0,0,0,0,13,17,0,15,340
341,2016-04-10,0,0,0,0,0,21,0,5,1,0,0,0,0,6,1,1,4,0,0,0,0,0,0,0,0,20
342,2016-04-11,0,0,0,0,0,12,0,2,1,0,0,0,0,2,1,0,11,0,0,0,0,0,0,0,0,4
343,2016-04-12,0,0,0,0,0,14,0,1,0,0,0,2,0,1,0,3,12,0,0,0,0,1,6,6,4,149
344,2016-04-13,0,0,0,0,0,14,0,2,1,0,0,0,2,2,1,0,12,0,0,0,0,2,0,0,11,108
345,2016-04-14,0,0,0,0,0,2,0,1,1,0,0,2,0,1,1,0,6,0,0,0,0,0,0,0,62,416
346,2016-04-15,2,0,0,0,0,9,0,2,6,0,0,0,0,2,8,0,8,0,0,1,0,0,0,0,4,50
347,2016-04-16,0,0,0,0,0,3,0,1,2,0,0,0,0,1,2,0,12,0,0,1,0,0,1,0,2,46
348,2016-04-17,0,0,0,0,0,7,0,3,2,0,0,0,7,3,2,0,15,0,0,0,0,8,2,0,2,116
349,2016-04-18,2,0,0,0,1,12,0,12,2,2,0,0,22,12,2,0,28,0,0,1,0,13,9,6,30,420
350,2016-04-19,5,0,0,0,0,22,0,3,2,0,0,0,0,3,3,0,5,0,0,0,0,3,7,8,35,395
351,2016-04-20,89,0,0,0,0,64,0,2,12,0,0,0,0,2,12,0,14,0,0,1,0,6,3,6,19,269
352,2016-04-21,64,0,0,0,0,106,0,5,47,0,0,0,0,5,47,0,9,0,0,1,2,9,10,8,16,364
353,2016-04-22,20,0,0,0,0,11,0,2,0,0,0,0,0,2,0,0,12,0,0,1,0,1,0,14,0,133
354,2016-04-23,0,0,0,0,0,30,0,4,2,0,0,0,0,4,2,0,16,0,0,0,0,2,10,3,5,179
355,2016-04-24,0,0,0,0,0,4,0,2,0,0,0,0,0,2,0,0,12,0,0,0,0,0,0,0,2,102
356,2016-04-25,0,0,0,0,0,6,0,3,2,0,0,1,0,3,2,0,17,0,0,0,1,0,5,2,15,191
357,2016-04-26,0,0,0,0,0,7,0,5,0,0,0,0,0,5,0,0,16,1,0,8,0,5,3,2,14,172
358,2016-04-27,8,0,0,0,1,16,0,3,2,0,0,2,2,3,2,0,37,0,0,0,0,10,1,31,6,330
359,2016-04-28,14,0,0,0,0,21,0,2,1,0,0,1,12,2,1,0,2,0,0,0,0,0,2,0,1,44
360,2016-04-29,3,0,0,0,0,24,0,5,2,0,0,0,2,5,3,0,2,0,0,0,0,2,1,0,3,75
361,2016-04-30,1,0,0,0,0,9,0,7,5,0,0,0,0,7,9,0,7,0,0,1,0,1,2,4,2,136
362,2016-05-01,0,0,0,2,0,34,0,9,2,0,1,0,5,9,2,9,12,0,0,0,0,0,2,0,0,32
363,2016-05-02,0,0,0,5,0,16,0,5,1,0,0,1,17,5,1,5,6,0,0,2,0,0,0,0,2,44
364,2016-05-03,0,0,0,20,0,9,0,3,2,0,0,0,5,3,2,6,2,0,0,7,0,0,0,0,0,2
365,2016-05-04,0,0,0,4,0,12,0,4,8,0,0,0,11,4,8,0,3,0,0,2,0,5,2,2,14,192
366,2016-05-05,0,0,0,14,0,9,0,3,2,0,0,1,26,3,2,0,2,0,0,0,0,1,0,8,8,166
367,2016-05-06,3,0,0,26,0,13,0,4,1,0,0,0,0,4,7,0,0,0,0,0,0,3,2,2,2,112
368,2016-05-07,3,0,0,0,0,15,0,6,2,0,0,0,0,8,2,0,1,0,0,0,0,0,0,4,3,63
369,2016-05-08,0,0,0,0,0,5,0,2,0,0,0,1,0,2,0,2,1,0,0,0,0,1,0,0,0,57
370,2016-05-09,1,0,0,1,0,3,0,5,3,0,0,0,0,5,3,4,0,0,0,0,0,2,2,1,5,146
371,2016-05-10,2,0,0,16,0,13,0,9,0,0,0,0,2,10,0,0,6,0,0,2,0,0,0,1,1,71
372,2016-05-11,0,0,0,12,0,23,0,3,4,0,0,0,0,3,4,0,10,0,0,1,0,3,4,3,5,151
373,2016-05-12,2,0,0,24,0,26,0,7,1,0,0,0,0,8,4,0,7,0,0,0,0,7,5,4,8,241
374,2016-05-13,0,0,0,0,0,29,0,3,1,0,0,0,0,3,1,1,5,0,0,0,0,0,0,0,0,12
375,2016-05-14,0,0,0,0,0,23,0,5,4,0,0,0,0,5,7,3,3,0,0,2,0,0,0,0,0,6
376,2016-05-15,0,0,0,0,0,28,0,2,0,1,0,0,0,2,0,0,4,0,0,1,0,0,1,1,0,35
377,2016-05-16,0,0,0,0,0,29,0,4,0,0,0,0,0,4,0,0,3,0,0,0,0,1,0,6,1,71
378,2016-05-17,0,0,0,0,0,79,0,2,1,0,0,0,0,2,1,0,1,0,0,1,0,1,1,15,2,142
379,2016-05-18,0,0,0,0,1,40,0,2,0,0,1,1,0,2,0,0,18,0,0,2,0,11,7,27,19,501
380,2016-05-19,0,0,0,0,0,44,0,3,1,0,0,0,0,3,1,0,0,0,0,0,0,0,1,1,4,83
381,2016-05-20,0,0,0,0,0,36,0,3,3,0,0,0,0,3,3,0,28,0,0,3,0,0,0,0,0,15
382,2016-05-21,0,0,0,0,0,26,0,3,1,0,0,0,0,3,1,0,0,0,0,2,0,3,2,0,2,94
383,2016-05-22,0,0,0,0,0,28,0,2,0,0,0,0,0,2,0,0,1,0,0,1,0,0,0,0,0,14
384,2016-05-23,3,0,0,0,0,51,0,1,1,0,0,0,0,1,1,4,0,0,0,0,0,0,0,0,2,37
385,2016-05-24,0,0,0,0,0,48,0,2,0,0,0,1,0,2,0,4,0,0,0,1,0,0,3,0,0,36
386,2016-05-25,3,0,0,0,0,14,0,2,1,1,0,0,1,2,1,5,30,0,0,0,0,0,4,0,0,55
387,2016-05-26,1,0,0,0,0,12,0,3,0,0,0,0,0,3,0,20,0,0,0,0,0,0,2,0,0,20
388,2016-05-27,0,0,0,0,0,12,0,2,0,0,0,0,0,2,0,4,0,0,0,1,0,0,4,1,0,64
389,2016-05-28,0,0,0,0,0,11,0,2,1,0,0,1,0,2,2,1,2,0,0,0,0,0,0,0,1,14
390,2016-05-29,0,0,0,0,0,7,0,1,0,0,0,0,0,1,0,0,0,0,0,0,0,0,3,0,1,58
391,2016-05-30,0,0,0,0,0,11,0,2,0,0,0,0,0,2,0,0,0,2,0,0,0,3,0,0,0,36
392,2016-05-31,1,0,0,0,0,3,0,1,1,0,0,0,0,1,2,1,7,0,0,0,0,2,0,1,0,80
393,2016-06-01,0,0,0,0,0,1,0,2,0,0,0,0,0,2,0,1,14,0,0,0,0,0,0,0,2,27
394,2016-06-02,1,0,0,0,1,6,0,4,2,0,0,0,0,4,2,0,14,0,0,2,0,3,12,2,1,154
395,2016-06-03,0,0,0,0,0,2,0,3,1,0,0,0,0,3,1,1,5,0,0,0,0,18,15,1,6,294
396,2016-06-04,0,0,0,0,0,5,0,1,0,0,0,0,0,1,0,0,1,0,0,0,0,6,2,13,4,184
397,2016-06-05,5,0,0,0,0,5,0,4,4,0,0,0,0,6,5,0,3,0,0,0,0,20,5,6,14,361
398,2016-06-06,0,0,0,0,0,4,0,3,0,0,0,0,1,3,1,0,0,0,0,0,0,3,3,0,2,131
399,2016-06-07,0,0,0,0,0,9,0,3,4,0,0,1,1,4,4,1,8,1,0,1,0,5,5,2,5,132
400,2016-06-08,0,0,0,0,0,12,0,4,3,0,0,0,2,4,3,6,2,0,0,0,0,0,0,0,4,35
401,2016-06-09,0,0,0,0,1,15,0,4,1,0,0,0,0,4,1,0,1,0,0,0,0,0,0,0,6,45
402,2016-06-10,0,0,0,0,0,24,0,5,17,0,0,0,0,5,17,0,9,0,0,0,0,0,0,0,0,24
403,2016-06-11,0,0,0,0,0,52,0,9,12,0,0,0,0,9,12,0,7,1,0,0,0,0,0,0,0,0
404,2016-06-12,0,0,0,0,0,26,0,1,2,0,0,0,0,1,3,1,1,0,0,0,0,0,0,0,0,0
405,2016-06-13,0,0,0,0,0,12,0,3,3,0,0,3,1,3,3,3,1,0,0,0,0,0,0,0,0,0
406,2016-06-14,0,0,0,1,0,32,0,9,19,0,0,0,2,9,19,0,3,0,0,0,0,0,0,0,0,0
407,2016-06-15,0,0,0,0,0,29,0,3,21,0,0,0,4,3,22,1,2,0,0,0,0,0,0,0,0,0
408,2016-06-16,0,0,0,0,0,12,0,2,7,0,0,0,1,2,7,0,3,0,0,0,0,0,0,0,0,0
409,2016-06-17,0,0,0,0,0,30,0,1,0,0,0,0,1,1,0,0,1,0,0,0,0,0,0,0,0,0
410,2016-06-18,1,0,0,1,0,10,0,4,7,0,0,0,0,4,7,0,4,0,0,1,0,0,0,0,0,0
411,2016-06-19,0,0,0,0,0,17,0,4,6,0,0,0,0,4,6,1,2,0,0,0,0,0,0,0,0,0
412,2016-06-20,0,0,0,0,1,27,0,2,9,0,0,5,0,2,10,0,1,0,0,2,0,0,0,0,0,0
413,2016-06-21,0,0,0,0,0,13,0,8,20,0,0,0,2,8,20,9,3,0,0,0,0,0,0,0,0,0
414,2016-06-28,0,0,0,0,0,16,0,2,11,0,0,6,2,2,11,3,1,0,0,0,0,0,0,0,0,0
415,2016-06-29,0,0,0,0,0,17,0,5,12,0,0,10,1,5,12,0,2,0,0,1,0,0,0,0,0,0
416,2016-06-30,0,0,0,0,0,8,0,5,2,0,0,14,3,6,2,9,0,0,0,17,0,0,0,0,0,0
417,2016-07-01,0,0,0,0,0,12,0,3,4,0,0,20,8,3,4,0,0,0,0,2,0,0,0,0,0,0
418,2016-07-02,0,0,0,0,0,11,0,1,2,0,0,35,16,1,2,0,2,0,0,0,0,0,0,0,0,0
419,2016-07-03,0,0,0,0,0,3,0,3,1,0,0,5,10,3,1,0,2,0,0,2,0,0,0,0,0,0
420,2016-07-04,0,0,0,0,0,10,0,4,12,0,0,0,10,4,12,0,1,0,0,0,0,0,0,0,0,0
421,2016-07-05,9,0,0,0,1,14,0,11,8,0,0,1,28,14,9,0,1,0,0,0,0,0,0,0,0,0
422,2016-07-06,1,0,0,0,0,12,0,10,5,0,0,0,4,10,5,0,0,0,0,0,0,0,0,0,0,0
423,2016-07-07,1,0,0,0,0,38,0,2,7,0,0,11,0,2,10,0,0,0,0,1,0,0,0,0,0,0
424,2016-07-08,2,0,0,0,0,30,0,1,9,0,0,0,0,1,10,0,2,0,0,1,0,0,0,0,0,0
425,2016-07-09,0,0,0,0,0,40,0,2,4,0,0,0,0,2,4,9,13,0,0,0,0,0,0,0,0,0
426,2016-07-10,0,0,0,0,0,43,0,19,190,0,0,0,1,20,194,0,0,0,0,1,0,0,0,0,0,0
427,2016-07-11,0,0,0,1,0,38,0,2,16,0,0,0,0,2,16,0,10,0,0,0,0,0,0,0,0,0
428,2016-07-12,0,0,0,0,0,38,0,6,8,0,0,21,0,7,8,0,5,0,0,0,0,0,0,0,0,0
429,2016-07-13,1,0,0,0,0,46,0,1,3,0,0,0,13,1,3,0,6,0,0,0,0,0,0,0,0,0
430,2016-07-14,0,0,0,0,0,30,0,2,2,0,0,0,0,2,2,0,3,0,0,0,0,0,0,0,0,0
431,2016-07-15,0,0,0,1,1,17,0,4,2,1,0,0,1,4,5,0,1,0,0,0,0,0,0,0,0,0
432,2016-07-16,0,0,0,0,0,18,0,5,4,0,1,0,8,5,4,0,0,0,0,0,0,0,0,0,0,0
433,2016-07-17,0,0,0,0,0,34,0,4,12,0,0,0,12,5,12,0,0,0,0,0,0,0,0,0,0,0
434,2016-07-18,0,0,0,0,0,27,0,4,0,0,0,1,5,4,0,0,1,0,0,0,0,0,0,0,0,0
435,2016-07-19,0,0,0,15,0,12,0,2,5,0,0,0,0,2,6,0,12,1,0,0,0,0,0,0,0,0
436,2016-07-20,1,0,0,5,0,20,0,7,0,0,0,0,0,7,0,0,0,6,0,0,0,0,0,0,0,0
437,2016-07-21,0,0,0,15,0,32,0,3,7,0,0,2,1,3,7,0,0,0,0,0,0,0,0,0,0,0
438,2016-07-22,0,11,0,2,0,17,0,20,13,0,0,5,0,22,15,0,9,0,0,0,0,0,0,0,0,0
439,2016-07-23,3,0,0,1,0,22,0,7,15,0,0,6,0,7,16,0,6,0,0,2,0,0,0,0,0,0
440,2016-07-24,0,0,0,2,0,21,0,2,8,0,2,10,0,3,8,0,10,0,0,2,0,0,0,0,0,0
441,2016-07-25,0,0,0,5,0,44,0,10,12,0,0,0,0,10,15,0,5,0,0,0,0,0,0,0,0,0
442,2016-07-26,0,0,0,10,1,51,0,5,18,0,0,0,0,5,19,0,5,0,0,0,0,0,0,0,0,0
443,2016-07-27,0,0,0,40,0,35,0,25,16,0,1,0,0,25,39,0,7,0,0,0,0,0,0,0,0,0
444,2016-07-28,0,0,0,16,0,25,0,9,6,0,0,0,0,10,9,0,9,0,0,0,0,0,0,0,0,0
445,2016-07-29,1,0,0,7,0,15,0,5,0,0,0,0,0,5,1,0,6,0,0,0,0,0,0,0,0,0
446,2016-07-30,1,0,0,0,0,39,0,6,24,0,0,0,0,6,24,0,13,0,0,0,0,0,0,0,0,0
447,2016-07-31,0,0,0,0,0,30,0,1,18,0,0,0,0,1,19,0,13,0,0,0,0,0,0,0,0,0
448,2016-08-01,0,0,0,0,0,7,0,1,5,0,0,0,0,1,5,0,4,0,0,0,0,0,0,0,0,0
449,2016-08-02,1,0,0,0,1,27,0,4,13,0,0,0,0,4,13,0,3,0,0,0,0,0,0,0,0,0
450,2016-08-03,0,0,0,0,0,50,0,3,24,0,0,0,0,3,24,0,5,0,0,0,0,0,0,0,0,0
451,2016-08-04,0,0,0,0,0,44,0,2,10,0,0,0,0,2,10,0,6,1,0,1,0,0,0,0,0,0
452,2016-08-05,0,0,0,0,0,44,0,2,7,0,0,0,0,2,7,0,5,0,0,0,0,0,0,0,0,0
453,2016-08-06,0,0,0,0,0,36,0,2,17,0,0,0,0,2,21,0,12,0,0,0,0,0,0,0,0,0
454,2016-08-07,1,1,0,0,0,37,0,2,17,0,0,0,0,2,17,0,8,0,0,0,0,0,0,0,0,0
455,2016-08-08,0,0,0,0,0,35,0,8,14,0,0,1,1,8,14,0,9,0,0,0,0,0,0,0,0,0
456,2016-08-09,0,0,0,0,0,40,0,3,32,0,2,0,0,3,33,0,14,0,0,0,2,0,0,0,0,0
457,2016-08-10,0,0,0,0,0,14,0,2,1,0,0,0,0,2,1,1,11,0,0,0,0,0,0,0,0,0
458,2016-08-11,0,0,0,0,0,14,0,2,8,0,0,0,0,2,9,0,17,0,0,0,0,0,0,0,0,0
459,2016-08-12,2,0,0,0,0,33,0,5,20,0,0,0,0,5,20,0,19,0,0,0,0,0,0,0,0,0
460,2016-08-13,0,0,0,0,0,21,0,5,10,0,0,0,0,5,10,0,15,0,0,0,0,0,0,0,0,0
461,2016-08-14,1,0,0,0,0,17,0,4,11,0,0,0,0,4,11,0,13,0,0,4,0,0,0,0,0,0
462,2016-08-15,0,0,0,0,0,16,0,4,8,0,0,0,0,4,8,0,14,0,0,0,0,0,0,0,0,0
463,2016-08-16,0,0,0,0,1,28,0,4,15,0,0,0,0,4,15,0,15,0,0,3,0,0,0,0,0,0
464,2016-08-17,0,0,0,0,0,20,0,1,3,0,0,0,0,1,3,0,2,1,0,0,0,0,0,0,0,0
465,2016-08-18,0,0,0,0,0,34,0,8,17,0,0,0,0,8,17,0,7,0,0,1,0,0,0,0,0,0
466,2016-08-19,0,0,0,0,0,47,0,3,16,0,0,0,0,3,17,31,12,0,0,2,0,0,0,0,0,0
467,2016-08-20,0,0,0,0,0,31,0,5,8,0,1,0,1,5,8,6,15,0,0,3,0,0,0,0,0,0
468,2016-08-21,0,0,0,0,0,10,0,2,5,0,0,0,0,3,5,0,12,0,0,1,0,0,0,0,0,0
469,2016-08-22,0,0,0,0,0,50,0,11,40,0,0,0,2,11,40,12,9,0,0,4,0,0,0,0,0,0
470,2016-08-23,0,0,0,0,0,33,0,7,37,0,0,0,0,7,37,0,31,0,0,0,0,0,0,0,0,0
471,2016-08-24,0,0,0,0,0,10,0,4,6,0,0,0,1,4,6,3,19,0,0,3,0,0,0,0,0,0
472,2016-08-25,0,0,0,0,0,19,0,3,11,0,0,0,0,3,12,0,41,0,0,3,0,0,0,0,0,0
473,2016-08-26,0,0,0,0,0,11,0,2,2,0,0,0,0,2,2,9,15,0,0,7,0,0,0,0,0,0
474,2016-08-27,0,0,0,0,0,45,0,2,3,0,0,0,0,2,3,1,9,0,0,4,0,0,0,0,0,0
475,2016-08-28,0,0,0,0,0,11,0,4,5,0,0,0,0,4,5,0,7,0,0,1,0,0,0,0,0,0
476,2016-08-29,0,0,0,0,0,10,0,6,12,0,0,0,0,6,12,0,8,1,0,0,1,0,0,0,0,0
477,2016-08-30,4,364,0,0,0,7,0,1,3,0,0,0,0,1,3,0,44,0,0,1,0,0,0,0,0,0
478,2016-08-31,0,6,0,0,0,4,0,2,2,0,0,0,0,2,2,4,27,0,0,2,0,0,0,0,0,0
479,2016-09-01,0,0,0,0,0,6,0,3,5,0,0,0,0,3,5,0,20,0,0,0,0,0,0,0,0,0
480,2016-09-02,0,0,0,0,0,11,0,4,5,0,1,0,0,4,5,0,13,0,0,3,0,0,0,0,0,0
481,2016-09-03,1,0,0,0,0,14,0,3,11,0,0,0,0,5,11,0,22,0,0,0,0,0,0,0,0,0
482,2016-09-04,1,1,0,0,0,15,0,6,16,0,0,0,0,6,16,0,15,0,0,2,0,0,0,0,0,0
483,2016-09-05,2,0,0,0,0,28,0,5,25,0,0,0,0,6,26,0,13,0,0,0,0,0,0,0,0,0
484,2016-09-06,0,1,0,0,0,36,0,4,8,0,0,0,0,4,9,0,1,0,0,0,0,0,0,0,0,0
485,2016-09-07,0,0,0,0,0,20,0,1,6,0,0,0,0,1,7,0,10,0,0,1,0,0,0,0,0,0
486,2016-09-08,0,0,0,0,0,8,0,2,4,0,0,0,0,2,4,0,23,0,0,0,0,0,0,0,0,0
487,2016-09-09,0,0,0,0,0,6,0,2,4,0,0,0,0,2,4,0,15,0,0,0,0,0,0,0,0,0
488,2016-09-10,11,0,0,0,0,25,0,8,20,1,0,0,0,8,21,0,8,0,0,3,0,0,0,0,0,0
489,2016-09-11,0,0,0,0,0,52,0,8,43,0,1,0,0,8,43,0,13,0,0,2,0,0,0,0,0,0
490,2016-09-12,0,0,0,0,0,15,0,2,11,0,0,0,0,2,13,0,7,1,0,0,0,0,0,0,0,0
491,2016-09-13,0,0,0,0,0,19,0,3,22,0,0,0,1,3,22,0,30,0,0,0,0,0,0,0,0,0
492,2016-09-14,0,0,0,0,0,5,0,1,0,0,0,0,0,1,0,2,18,0,0,2,0,0,0,0,0,0
493,2016-09-15,0,0,0,0,0,16,0,4,6,0,0,16,6,4,6,0,2,0,0,4,0,0,0,0,0,0
494,2016-09-16,0,0,0,0,0,18,0,2,1,0,0,9,1,2,1,1,0,0,0,1,0,0,0,0,0,0
495,2016-09-17,0,0,0,0,0,8,0,2,0,0,0,4,0,2,0,0,0,0,0,2,0,0,0,0,0,0
496,2016-09-18,0,0,0,0,1,2,0,0,2,0,0,6,0,0,2,0,1,0,0,1,0,0,0,0,0,0
497,2016-09-19,0,0,0,0,0,14,0,3,0,0,0,3,0,3,0,3,2,0,0,1,0,0,0,0,0,0
498,2016-09-20,0,0,0,0,0,13,0,4,1,0,0,6,0,4,1,0,2,0,0,0,0,0,0,0,0,0
499,2016-09-21,0,0,0,0,0,25,0,4,2,0,0,7,0,4,2,1,0,0,0,0,0,0,0,0,0,0
500,2016-09-22,0,0,0,0,0,23,0,2,3,1,0,9,0,3,5,2,0,0,0,0,0,0,0,0,0,0
501,2016-09-23,0,0,0,0,0,14,0,2,1,0,0,5,2,2,1,0,1,0,0,0,0,0,0,0,0,0
502,2016-09-24,0,0,0,0,0,19,0,2,2,0,0,0,0,2,2,0,0,0,0,0,0,0,0,0,0,0
503,2016-09-25,0,0,0,0,0,10,0,2,7,0,0,3,0,2,7,1,1,0,0,2,0,0,0,0,0,0
504,2016-09-26,0,0,0,0,0,9,0,2,7,0,0,0,0,2,7,1,1,0,0,1,0,0,0,0,0,0
505,2016-09-27,0,7,0,0,0,7,0,2,4,0,0,0,0,2,4,0,2,0,0,3,0,0,0,0,0,0
506,2016-09-28,0,0,0,0,0,20,0,1,9,0,0,0,0,1,9,0,0,0,0,0,0,0,0,0,0,0
507,2016-09-29,0,0,0,0,0,20,0,2,5,0,1,0,0,2,6,0,1,0,0,4,0,0,0,0,0,0
508,2016-09-30,0,0,0,0,0,26,0,10,11,0,0,0,0,13,11,0,1,0,0,1,0,0,0,0,0,0
509,2016-10-01,0,0,0,0,0,4,0,2,3,0,0,0,0,2,3,1,2,0,0,2,0,0,0,0,0,0
510,2016-10-02,0,0,0,0,0,13,0,3,1,0,0,0,0,3,1,0,0,0,0,1,0,0,0,0,0,0
511,2016-10-03,0,0,0,0,0,15,0,1,11,0,0,0,0,1,11,5,10,0,0,2,0,0,0,0,0,0
512,2016-10-04,0,0,0,0,1,12,0,3,0,0,0,0,0,3,0,0,1,0,0,1,0,0,0,0,0,0
513,2016-10-05,0,0,0,0,0,1,0,3,0,0,0,0,0,3,0,0,3,0,0,2,0,0,0,0,0,0
514,2016-10-06,0,0,0,0,0,9,0,3,0,0,0,0,0,3,0,0,4,0,0,0,0,0,0,0,0,0
515,2016-10-07,0,0,0,0,0,1,0,1,4,0,0,0,0,1,4,0,3,0,0,0,2,0,0,0,0,0
516,2016-10-08,0,0,0,0,0,1,0,1,0,0,0,0,0,1,0,9,11,0,0,1,0,0,0,0,0,0
517,2016-10-09,0,0,0,0,0,6,0,3,0,0,0,0,0,3,0,1,5,0,0,0,0,0,0,0,0,0
518,2016-10-10,0,1,0,0,1,37,0,7,3,0,2,0,0,7,6,2,4,4,0,0,0,0,0,0,0,0
519,2016-10-11,0,0,0,0,0,32,0,1,0,0,0,0,0,1,0,1,12,0,0,2,0,0,0,0,0,0
520,2016-10-12,0,0,0,0,0,27,0,3,1,1,0,0,3,3,1,0,0,0,0,1,0,0,0,0,0,0
521,2016-10-13,0,0,0,0,0,28,0,2,0,0,0,0,0,2,0,0,1,0,0,0,0,0,0,0,0,0
522,2016-10-14,0,0,0,0,0,29,0,3,0,0,0,0,1,4,0,0,2,0,0,0,0,0,0,0,0,0
523,2016-10-15,0,0,0,0,1,52,0,1,4,0,0,4,1,1,4,0,2,0,0,0,0,0,0,0,0,0
524,2016-10-16,0,0,0,0,0,24,0,8,2,0,0,3,22,8,2,0,1,0,0,0,0,0,0,0,0,0
525,2016-10-17,0,0,0,0,0,8,0,2,4,0,0,0,0,2,4,0,5,0,0,0,0,0,0,0,0,0
526,2016-10-18,0,0,0,0,0,27,0,2,0,0,0,0,6,2,0,0,0,0,0,0,0,0,0,0,0,0
527,2016-10-19,0,0,0,0,0,27,0,11,22,0,0,0,5,11,22,0,4,0,0,0,0,0,0,0,0,0
528,2016-10-20,0,0,0,0,0,43,0,6,7,0,0,0,0,6,7,0,7,0,0,0,0,0,0,0,0,0
529,2016-10-21,0,0,0,0,1,35,0,21,8,0,0,0,0,22,8,0,22,0,0,0,0,0,0,0,0,0
530,2016-10-22,0,0,0,0,0,16,0,2,3,0,0,0,0,2,3,0,16,0,0,0,0,0,0,0,0,0
531,2016-10-23,0,0,0,0,0,34,0,3,0,0,0,0,2,3,0,0,4,0,0,0,0,0,0,0,0,0
532,2016-10-24,0,0,0,0,0,36,0,1,1,0,0,0,0,1,1,0,1,0,0,1,0,0,0,0,0,0
533,2016-10-25,0,0,0,0,0,71,0,2,2,0,0,0,0,2,2,0,0,0,0,0,0,0,0,0,0,0
534,2016-10-26,0,0,0,0,0,14,0,4,5,0,0,0,0,4,5,0,6,0,0,0,0,0,0,0,0,0
535,2016-10-27,1,0,0,0,1,10,0,2,3,0,0,0,0,2,3,0,12,0,0,0,0,0,0,0,0,0
536,2016-10-28,0,0,0,0,0,10,0,4,0,0,0,0,0,4,0,0,8,0,0,0,0,0,0,0,0,0
537,2016-10-29,4,1,0,0,0,17,0,1,1,0,0,0,0,1,1,0,1,0,0,0,0,0,0,0,0,0
538,2016-10-30,0,0,0,0,0,34,0,5,15,0,0,0,0,5,22,0,23,0,0,0,0,0,0,0,0,0
539,2016-10-31,0,0,0,0,1,24,0,2,1,0,0,0,0,2,1,0,14,0,0,0,0,0,0,0,0,0
540,2016-11-01,0,5,0,0,0,7,0,3,8,0,0,0,0,3,10,0,33,0,0,0,0,0,0,0,0,0
541,2016-11-02,0,0,0,0,0,50,0,18,15,0,0,0,0,31,19,1,5,0,0,0,0,0,0,0,0,0
542,2016-11-03,0,0,0,0,0,13,0,7,2,0,0,0,0,7,2,0,0,0,0,0,0,0,0,0,0,0
543,2016-11-04,0,0,0,0,1,22,0,7,3,0,0,0,0,8,3,0,1,0,0,0,0,0,0,0,0,0
544,2016-11-05,0,0,0,0,0,23,0,7,0,0,1,1,0,7,0,1,2,0,0,2,0,0,0,0,0,0
545,2016-11-06,0,0,0,0,0,7,0,1,5,0,0,0,1,1,5,0,3,0,0,0,0,0,0,0,0,0
546,2016-11-07,0,0,0,0,0,25,0,2,3,0,0,0,0,2,3,1,7,0,0,1,0,0,0,0,0,0
547,2016-11-08,0,0,0,0,0,31,0,3,7,0,0,0,0,3,7,1,1,0,0,0,0,0,0,0,0,0
548,2016-11-09,0,0,0,0,0,26,0,5,6,0,0,0,0,6,8,0,0,0,0,0,0,0,0,0,0,0
549,2016-11-10,0,0,0,0,0,25,0,2,4,0,0,2,0,2,4,2,2,0,0,1,0,0,0,0,0,0
550,2016-11-11,0,0,0,0,0,28,0,2,9,0,0,0,0,2,9,2,1,0,0,0,0,0,0,0,0,0
551,2016-11-12,3,0,0,0,0,18,0,2,0,0,0,0,0,2,0,0,6,0,0,0,0,0,0,0,0,0
552,2016-11-13,1,0,0,0,0,17,0,4,4,0,0,0,0,4,4,0,3,0,0,1,0,0,0,0,0,0
553,2016-11-14,2,0,0,0,0,21,0,2,3,0,0,0,0,2,3,1,2,0,0,0,0,0,0,0,0,0
554,2016-11-15,0,0,0,0,1,21,0,4,4,0,0,0,0,4,4,0,1,1,0,0,0,0,0,0,0,0
555,2016-11-16,0,0,0,0,0,13,0,2,0,0,0,0,0,2,0,0,2,0,0,2,0,0,0,0,0,0
556,2016-11-17,0,0,0,0,0,13,0,2,3,0,0,0,0,3,3,1,1,0,0,0,0,0,0,0,0,0
557,2016-11-18,0,0,0,0,0,28,0,4,2,0,0,1,0,4,2,0,46,0,0,1,0,0,0,0,0,0
558,2016-11-19,0,0,0,0,0,15,0,3,1,0,0,0,0,3,1,2,20,0,0,1,0,0,0,0,0,0
559,2016-11-20,1,0,0,0,0,18,0,0,5,1,0,0,0,0,5,10,2,48,0,2,0,0,0,0,0,0
560,2016-11-21,7,0,0,0,0,22,0,2,4,0,0,0,0,2,4,8,3,38,0,0,0,0,0,0,0,0
561,2016-11-22,0,0,0,0,0,20,0,2,4,0,0,0,2,2,5,8,2,0,0,0,0,0,0,0,0,0
562,2016-11-23,0,0,0,0,0,18,0,2,2,0,0,0,0,2,2,6,5,0,0,2,0,0,0,0,0,0
563,2016-11-24,0,0,0,0,0,8,0,2,2,0,0,0,2,2,2,3,6,0,0,0,0,0,0,0,0,0
564,2016-11-25,0,0,0,0,0,23,0,2,0,0,0,0,0,2,0,0,8,0,0,1,0,0,0,0,0,0
565,2016-11-26,0,0,0,0,0,20,0,2,1,0,0,0,0,2,1,0,8,0,0,0,0,0,0,0,0,0
566,2016-11-27,0,0,0,0,0,13,0,2,3,0,0,0,0,2,3,0,12,0,0,0,0,0,0,0,0,0
567,2016-11-28,0,0,0,0,0,27,0,2,2,0,0,0,0,2,2,0,9,0,0,0,0,0,0,0,0,0
568,2016-11-29,0,0,0,0,0,25,0,1,18,0,0,0,0,1,21,0,12,0,0,0,6,0,0,0,0,0
569,2016-11-30,0,0,0,0,0,12,0,2,0,0,0,0,0,2,0,0,29,0,0,0,0,0,0,0,0,0
570,2016-12-01,0,0,0,0,0,8,0,1,3,0,0,0,0,1,3,0,13,0,0,0,0,0,0,0,0,0
571,2016-12-02,0,0,0,0,0,6,0,2,0,0,0,0,0,2,0,0,33,0,0,1,0,0,0,0,0,0
572,2016-12-03,0,0,0,0,0,20,0,5,3,0,0,0,0,5,3,0,18,0,0,0,0,0,0,0,0,0
573,2016-12-04,0,0,0,0,0,32,0,2,0,0,0,0,0,2,0,0,2,0,0,0,0,0,0,0,0,0
574,2016-12-05,0,0,0,0,0,17,0,2,1,0,0,0,0,2,1,0,4,1,0,2,0,0,0,0,0,0
575,2016-12-06,12,0,0,0,0,42,0,10,19,0,0,0,0,12,19,2,8,0,0,0,0,0,0,0,0,0
576,2016-12-07,0,0,0,0,0,46,0,14,4,0,0,0,0,16,4,0,1,0,0,1,0,0,0,0,0,0
577,2016-12-08,0,0,0,0,0,107,0,67,41,0,0,1,0,84,44,1,8,0,0,0,0,0,0,0,0,0
578,2016-12-09,0,0,0,0,1,22,0,1,4,0,0,0,0,2,4,1,0,0,0,1,0,0,0,0,0,0
579,2016-12-10,0,0,0,0,0,13,0,2,8,0,0,7,0,2,8,3,9,0,0,1,0,0,0,0,0,0
580,2016-12-11,0,0,0,0,0,9,0,3,4,0,0,1,2,3,4,2,2,0,0,1,0,0,0,0,0,0
581,2016-12-12,0,0,0,0,0,14,0,2,0,0,0,0,0,2,0,0,3,0,0,1,0,0,0,0,0,0
582,2016-12-13,1,0,0,0,0,20,0,2,17,0,0,0,1,2,18,4,3,0,0,1,0,0,0,0,0,0
583,2016-12-14,0,0,0,0,1,31,0,3,22,0,1,0,1,3,32,2,20,1,0,0,0,0,0,0,0,0
584,2016-12-15,1,0,0,0,0,6,0,3,6,0,0,0,0,3,6,1,10,0,0,0,0,0,0,0,0,0
585,2016-12-16,0,0,0,0,0,2,0,2,3,0,0,0,0,2,3,3,18,0,0,0,0,0,0,0,0,0
586,2016-12-17,0,0,0,0,1,3,0,3,0,0,0,0,0,3,1,2,20,0,0,0,0,0,0,0,0,0
587,2016-12-18,0,0,0,0,0,5,0,4,3,0,0,0,0,4,5,0,11,0,0,1,0,0,0,0,0,0
588,2016-12-19,1,0,0,0,0,14,0,6,2,0,0,1,3,6,2,19,3,0,0,0,0,0,0,0,0,0
589,2016-12-20,0,0,0,0,0,1,0,2,0,0,0,0,2,2,0,0,1,0,0,0,0,0,0,0,0,0
590,2016-12-21,0,0,0,0,0,8,0,3,8,0,0,0,7,3,8,2,3,0,0,3,0,0,0,0,0,0
591,2016-12-22,0,0,0,0,0,0,0,4,0,0,0,1,6,4,0,0,4,0,0,1,0,0,0,0,0,0
592,2016-12-23,1,0,0,0,0,12,0,0,12,0,0,0,0,0,13,1,2,0,0,0,0,0,0,0,0,0
593,2016-12-24,0,0,0,0,0,10,0,1,4,0,0,0,1,1,4,1,3,0,0,1,0,0,0,0,0,0
594,2016-12-25,1,0,0,0,0,13,0,3,2,0,0,1,0,3,2,3,7,1,0,1,0,0,0,0,0,0
595,2016-12-26,0,0,0,0,0,12,0,2,5,0,0,0,0,2,5,0,1,0,0,0,0,0,0,0,0,0
596,2016-12-27,0,0,0,0,0,2,0,2,9,0,0,0,0,2,9,0,0,0,0,1,0,0,0,0,0,0
597,2016-12-28,0,0,0,0,0,2,0,1,0,0,0,0,0,1,0,0,0,1,0,1,0,0,0,0,0,0
598,2016-12-29,0,0,0,0,1,14,0,3,7,0,0,0,0,3,7,0,0,0,0,2,0,0,0,0,0,0
599,2016-12-30,0,0,0,0,0,15,0,3,3,0,2,0,0,3,4,0,1,0,0,2,0,0,0,0,0,0
600,2016-12-31,0,0,0,0,0,27,0,2,10,0,0,0,0,2,10,0,0,0,0,0,0,0,0,0,0,0
601,2017-01-01,0,0,0,0,0,17,0,2,3,0,0,0,0,2,3,0,3,0,0,1,0,0,0,0,0,0
602,2017-01-02,0,0,0,0,0,39,0,8,4,0,0,0,0,10,6,0,1,1,0,1,0,0,0,0,0,0
603,2017-01-03,1,0,0,0,0,30,0,3,21,5,0,0,0,3,22,0,0,0,0,0,4,0,0,0,0,0
604,2017-01-04,0,0,0,0,0,8,0,1,2,0,1,0,0,1,2,0,1,0,0,1,0,0,0,0,0,0
605,2017-01-05,3,0,0,0,0,13,0,4,6,0,1,0,1,5,6,0,4,0,0,0,0,0,0,0,0,0
606,2017-01-06,0,0,0,2,0,9,0,1,9,0,0,0,0,1,9,0,26,0,0,0,0,0,0,0,0,0
607,2017-01-07,0,0,0,9,0,36,0,4,46,0,0,0,0,4,49,0,17,0,0,0,0,0,0,0,0,0
608,2017-01-08,0,0,0,7,0,17,0,5,21,0,0,0,0,6,30,0,23,0,0,0,0,0,0,0,0,0
609,2017-01-09,1,0,0,0,4,17,0,10,6,0,0,0,0,11,7,0,15,0,0,0,0,0,0,0,0,0
610,2017-01-10,2,0,0,0,0,44,0,23,29,0,1,0,0,23,31,0,19,2,0,0,0,0,0,0,0,0
611,2017-01-11,0,0,0,3,0,14,0,7,9,0,0,0,0,7,11,0,10,6,0,0,0,0,0,0,0,0
612,2017-01-12,0,0,0,14,0,2,0,1,1,0,1,0,0,1,1,0,10,0,0,0,0,0,0,0,0,0
613,2017-01-13,0,0,0,0,0,39,0,2,1,0,0,0,0,3,1,1,0,0,0,0,0,0,0,0,0,0
614,2017-01-14,0,0,0,0,0,29,0,2,0,0,0,0,2,3,0,0,1,0,0,0,0,0,0,0,0,0
615,2017-01-15,2,0,1,0,0,36,0,3,11,0,0,0,1,3,11,0,3,0,0,0,0,0,0,0,0,0
616,2017-01-16,0,0,0,0,0,52,0,7,12,0,0,0,4,8,12,3,0,0,0,0,0,0,0,0,0,0
617,2017-01-17,2,0,0,0,0,17,0,1,21,1,0,0,0,2,21,3,2,0,0,0,2,0,0,0,0,0
618,2017-01-18,0,0,0,0,0,40,0,35,5,0,1,0,3,35,5,0,1,0,0,0,0,0,0,0,0,0
619,2017-01-19,0,0,0,0,0,21,0,4,4,0,0,0,1,5,4,1,3,0,0,1,1,0,0,0,0,0
620,2017-01-20,0,0,0,0,0,16,0,2,2,0,0,0,0,2,2,0,4,0,0,0,0,0,0,0,0,0
621,2017-01-21,0,0,0,0,0,31,0,2,11,0,0,0,0,2,12,0,2,0,0,0,0,0,0,0,0,0
622,2017-01-22,0,0,0,0,0,32,0,10,19,0,0,0,2,17,19,1,2,0,0,0,0,0,0,0,0,0
623,2017-01-23,0,0,0,0,0,15,0,1,2,0,0,0,0,1,2,0,0,0,0,0,0,0,0,0,0,0
624,2017-01-24,6,0,0,0,0,23,0,3,5,0,0,0,0,3,5,0,5,0,0,0,0,0,0,0,0,0
625,2017-01-25,0,0,0,0,0,26,0,2,2,0,0,0,2,2,2,1,1,0,0,0,0,0,0,0,0,0
626,2017-01-26,0,0,0,0,0,13,0,2,1,0,0,0,1,2,1,0,14,0,0,0,0,0,0,0,0,0
627,2017-01-27,0,0,0,0,0,8,0,2,3,0,0,0,2,2,3,0,30,0,0,1,0,0,0,0,0,0
628,2017-01-28,0,0,0,0,0,12,0,9,4,0,2,0,0,9,6,0,13,0,0,1,0,0,0,0,0,0
629,2017-01-29,0,0,0,0,0,13,0,8,4,0,1,0,0,8,4,0,2,0,0,0,1,0,0,0,0,0
630,2017-01-30,0,0,0,0,0,19,0,4,0,0,0,0,19,4,0,0,1,0,0,0,0,0,0,0,0,0
631,2017-01-31,0,0,0,0,0,22,0,1,7,0,0,0,0,1,7,0,0,0,0,0,0,0,0,0,0,0
632,2017-02-01,0,0,0,0,0,10,0,2,0,0,1,0,0,2,0,0,0,0,0,0,0,0,0,0,0,0
633,2017-02-02,1,0,0,0,0,6,0,5,1,0,0,0,0,5,1,0,0,0,0,0,0,0,0,0,0,0
634,2017-02-03,2,0,0,0,0,13,0,2,11,0,0,0,0,2,11,0,1,0,0,0,0,0,0,0,0,0
635,2017-02-04,0,0,0,0,0,14,0,2,3,0,0,0,0,2,3,1,0,0,0,1,0,0,0,0,0,0
636,2017-02-05,0,0,0,0,0,16,0,1,7,0,0,0,0,1,7,0,3,0,0,0,0,0,0,0,0,0
637,2017-02-06,0,0,0,0,0,30,0,2,4,0,0,0,2,2,4,1,0,0,0,0,0,0,0,0,0,0
638,2017-02-07,0,0,0,0,0,24,0,4,1,0,0,0,0,4,1,0,1,0,0,1,0,0,0,0,0,0
639,2017-02-08,0,0,0,0,0,16,0,0,6,0,0,0,0,0,6,0,5,0,0,0,0,0,0,0,0,0
640,2017-02-09,2,0,0,0,0,11,0,5,5,0,0,0,0,5,6,0,0,0,0,0,0,0,0,0,0,0
641,2017-02-10,0,0,0,0,0,32,0,15,9,0,0,0,0,16,9,0,2,0,0,0,0,0,0,0,0,0
642,2017-02-11,0,0,0,0,0,43,0,9,12,0,1,0,0,9,12,0,1,1,0,0,0,0,0,0,0,0
643,2017-02-12,0,0,0,0,2,17,0,11,2,0,0,0,0,11,2,0,0,0,0,0,0,0,0,0,0,0
644,2017-02-13,2,0,0,0,0,14,0,4,1,0,0,0,0,6,2,0,0,0,0,0,0,0,0,0,0,0
645,2017-02-14,1,0,0,0,2,82,0,34,24,0,1,0,0,35,30,0,1,0,0,2,0,0,0,0,0,0
646,2017-02-15,0,0,0,0,0,20,0,2,0,0,0,0,2,2,0,0,0,0,0,0,0,0,0,0,0,0
647,2017-02-16,0,0,0,0,0,15,0,7,0,0,0,0,0,7,1,0,2,0,0,0,0,0,0,0,0,0
648,2017-02-17,0,0,0,0,0,30,0,2,0,0,0,0,1,2,0,0,1,0,0,2,0,0,0,0,0,0
649,2017-02-18,0,0,0,0,0,41,0,8,0,0,0,0,2,9,0,0,0,0,0,0,0,0,0,0,0,0
650,2017-02-19,0,0,0,0,0,17,0,3,0,0,0,0,0,3,0,0,1,0,0,0,0,0,0,0,0,0
651,2017-02-20,0,0,0,0,0,13,0,12,2,0,0,0,0,12,2,0,0,0,0,1,0,0,0,0,0,0
652,2017-02-21,0,0,0,0,0,31,0,3,2,0,0,0,3,3,2,0,1,0,0,0,0,0,0,0,0,0
653,2017-02-22,0,0,0,0,0,8,0,2,2,0,0,0,1,2,2,0,16,0,0,1,0,0,0,0,0,0
654,2017-02-23,0,0,0,0,0,19,0,5,13,0,1,0,0,5,13,0,13,0,0,1,0,0,0,0,0,0
655,2017-02-24,0,0,0,0,0,10,0,8,2,0,0,0,0,8,2,0,7,0,0,0,0,0,0,0,0,0
656,2017-02-25,5,0,0,0,0,28,0,5,4,0,0,0,0,6,4,0,3,0,0,0,0,0,0,0,0,0
657,2017-02-26,6,0,0,0,0,68,0,46,12,0,0,0,3,47,13,17,16,0,0,0,0,0,0,0,0,0
658,2017-02-27,3,0,0,0,5,61,0,21,19,1,0,0,3,25,21,0,32,0,0,0,1,0,0,0,0,0
659,2017-02-28,1,0,0,0,1,47,0,16,14,0,0,0,0,17,16,0,2,0,0,0,3,0,0,0,0,0
660,2017-03-01,0,0,0,0,0,59,0,16,21,0,0,0,0,16,21,0,0,0,0,0,0,0,0,0,0,0
661,2017-03-02,3,0,0,0,0,36,0,10,12,0,2,0,0,12,12,0,1,0,0,0,0,0,0,0,0,0
662,2017-03-03,3,0,0,0,0,30,0,10,10,2,0,0,0,10,10,0,0,0,0,0,0,0,0,0,0,0
663,2017-03-04,1,0,0,0,0,23,0,5,7,0,0,0,0,5,9,0,0,0,0,0,0,0,0,0,0,0
664,2017-03-05,0,0,0,0,1,21,0,10,11,0,0,0,0,13,12,0,0,0,0,0,0,0,0,0,0,0
665,2017-03-06,0,0,0,0,0,31,0,12,13,0,1,0,0,17,13,0,21,0,0,1,0,0,0,0,0,0
666,2017-03-07,4,8,0,0,1,30,0,10,16,0,0,0,0,10,16,0,24,0,0,0,0,0,0,0,0,0
667,2017-03-08,0,0,0,0,0,12,0,3,4,0,0,1,2,3,4,1,6,0,0,0,0,0,0,0,0,0
668,2017-03-09,0,0,0,0,0,12,0,2,1,0,0,3,0,2,3,0,7,0,0,1,0,0,0,0,0,0
669,2017-03-10,0,0,0,0,0,8,0,6,0,0,1,1,0,6,0,0,11,0,0,0,0,0,0,0,0,0
670,2017-03-11,0,0,0,0,0,8,0,2,1,0,0,0,0,2,1,0,4,0,0,0,0,0,0,0,0,0
671,2017-03-12,0,0,0,0,1,9,0,3,3,0,0,0,0,3,3,0,2,0,0,0,0,0,0,0,0,0
672,2017-03-13,0,0,0,0,0,7,0,2,1,0,0,0,1,2,1,0,3,0,0,0,0,0,0,0,0,0
673,2017-03-14,0,0,0,0,0,1,0,6,2,0,0,1,0,6,2,1,2,0,0,0,0,0,0,0,0,0
674,2017-03-15,0,0,0,0,0,5,0,3,0,0,0,0,0,3,0,0,5,0,0,0,0,0,0,0,0,0
675,2017-03-16,0,0,0,0,0,2,0,2,0,0,0,0,0,2,0,0,1,0,0,0,0,0,0,0,0,0
676,2017-03-17,0,0,0,0,0,4,0,4,1,0,0,0,1,4,1,1,0,0,0,0,0,0,0,0,0,0
677,2017-03-18,0,0,0,0,0,4,0,2,0,0,0,0,0,2,0,0,0,0,0,0,0,0,0,0,0,0
678,2017-03-19,0,0,0,0,0,4,0,1,0,0,0,0,0,1,0,0,0,10,0,0,0,0,0,0,0,0
679,2017-03-20,0,0,0,0,0,6,8,2,0,0,0,0,0,2,0,0,3,0,0,0,0,0,0,0,0,0
680,2017-03-21,1,0,0,0,0,19,0,16,2,0,0,0,0,18,2,0,0,0,0,0,0,0,0,0,0,0
681,2017-03-22,1,0,0,0,0,8,0,9,3,0,0,0,0,9,4,0,4,0,0,1,0,0,0,0,0,0
682,2017-03-23,0,0,0,0,0,11,0,5,0,0,1,0,0,7,0,0,1,0,0,0,0,0,0,0,0,0
683,2017-03-24,0,0,0,0,0,7,0,6,1,0,0,0,0,6,1,0,2,0,0,0,0,0,0,0,0,0
684,2017-03-25,1,0,0,0,0,2,0,1,0,0,0,0,0,1,1,0,2,0,0,0,0,0,0,0,0,0
685,2017-03-26,0,0,0,0,0,3,0,1,0,0,0,0,0,1,0,0,1,0,0,0,0,0,0,0,0,0
686,2017-03-27,0,0,0,0,0,3,0,2,0,0,0,0,0,2,0,0,0,0,0,1,0,0,0,0,0,0
687,2017-03-28,2,0,0,0,0,12,0,3,10,0,0,0,1,4,10,0,3,0,0,0,0,0,0,0,0,0
688,2017-03-29,0,0,0,0,1,60,0,30,25,0,2,0,0,33,25,0,28,0,0,1,0,0,0,0,0,0
689,2017-03-30,4,0,0,0,1,59,0,24,21,0,0,0,5,31,22,0,12,0,0,0,0,0,0,0,0,0
690,2017-03-31,1,0,0,0,0,36,0,13,7,3,1,0,3,14,7,0,2,0,0,1,0,0,0,0,0,0
691,2017-04-01,0,0,0,0,0,3,0,2,0,0,0,0,5,2,1,0,0,0,0,0,0,0,0,0,0,0
692,2017-04-02,0,0,0,0,0,16,0,2,7,0,0,0,17,2,8,0,0,0,0,0,0,0,0,0,0,0
693,2017-04-03,0,0,0,0,0,13,0,5,3,0,0,0,0,6,3,0,1,0,0,0,0,0,0,0,0,0
694,2017-04-04,0,0,0,0,1,8,0,7,0,0,0,0,3,13,1,0,2,0,0,0,0,0,0,0,0,0
695,2017-04-05,0,0,0,0,0,14,0,3,0,0,0,0,2,3,0,0,0,0,0,0,0,0,0,0,0,0
696,2017-04-06,0,1,0,0,0,7,0,3,1,0,0,0,0,3,1,0,0,0,0,0,0,0,0,0,0,0
697,2017-04-07,0,0,0,0,0,24,0,4,0,0,0,0,2,5,2,0,0,1,0,0,0,0,0,0,0,0
698,2017-04-08,2,0,0,0,0,17,0,3,0,0,0,1,3,3,0,0,1,0,0,0,0,0,0,0,0,0
699,2017-04-09,0,0,0,0,0,30,0,3,0,0,0,0,0,3,0,0,1,0,0,0,0,0,0,0,0,0
700,2017-04-10,0,0,0,0,0,32,0,2,1,0,0,0,0,2,1,0,0,0,0,0,0,0,0,0,0,0
701,2017-04-11,0,0,0,0,0,26,0,1,4,0,0,0,0,1,4,0,0,0,0,0,0,0,0,0,0,0
702,2017-04-12,0,0,0,0,0,26,0,4,2,0,0,0,0,7,2,0,0,0,0,0,0,0,0,0,0,0
703,2017-04-13,0,0,0,0,0,5,0,2,1,0,0,0,0,2,2,0,0,0,0,1,0,0,0,0,0,0
704,2017-04-14,0,0,0,0,0,7,0,1,1,0,0,0,0,1,1,0,1,0,0,0,0,0,0,0,0,0
705,2017-04-15,0,0,0,0,0,38,0,2,3,0,0,1,2,2,3,0,1,0,0,1,0,0,0,0,0,0
706,2017-04-16,0,0,0,0,0,21,0,13,0,0,0,1,0,14,1,0,1,0,0,0,0,0,0,0,0,0
707,2017-04-17,0,0,0,0,0,12,0,2,1,0,0,0,0,2,1,1,3,0,0,1,0,0,0,0,0,0
708,2017-04-18,1,0,0,0,0,19,0,1,2,0,0,0,0,1,2,0,8,0,0,0,0,0,0,0,0,0
709,2017-04-19,1,0,0,0,0,3,0,3,1,0,1,0,0,3,1,0,9,0,0,1,0,0,0,0,0,0
710,2017-04-20,0,0,0,0,0,13,0,2,1,0,0,0,1,2,1,0,2,0,0,0,0,0,0,0,0,0
711,2017-04-21,0,0,0,0,0,5,0,2,0,0,0,0,0,2,0,0,2,0,0,0,0,0,0,0,0,0
712,2017-04-22,0,0,0,0,0,4,0,3,2,0,0,0,0,3,2,0,5,0,0,1,0,0,0,0,0,0
713,2017-04-23,1,0,0,0,0,21,0,2,7,0,0,0,0,2,7,0,8,0,0,0,0,0,0,0,0,0
714,2017-04-24,0,0,0,0,0,16,0,1,0,0,0,0,0,1,0,2,2,0,0,0,0,0,0,0,0,0
715,2017-04-25,0,0,0,0,0,28,0,3,0,0,0,0,1,3,0,0,5,0,0,0,0,0,0,0,0,0
716,2017-04-26,0,0,0,0,0,41,0,3,10,0,0,0,1,4,10,0,2,0,0,0,0,0,0,0,0,0
717,2017-04-27,0,0,0,0,0,11,0,2,2,0,0,0,0,2,2,0,4,0,0,0,0,0,0,0,0,0
718,2017-04-28,0,0,0,0,0,3,0,1,2,0,0,0,0,3,2,0,22,0,0,0,0,0,0,0,0,0
719,2017-04-29,0,0,0,0,0,7,0,2,0,0,0,0,0,2,0,0,14,0,0,0,0,0,0,0,0,0
720,2017-04-30,0,0,0,0,0,21,0,1,1,0,0,0,0,1,1,0,11,0,0,0,0,0,0,0,0,0
721,2017-05-01,0,0,0,0,0,6,0,3,1,0,0,0,0,3,1,0,3,0,0,2,0,0,0,0,0,0
722,2017-05-02,0,0,0,0,0,14,0,2,2,0,0,0,1,2,2,0,7,0,0,1,0,0,0,0,0,0
723,2017-05-03,1,0,0,0,0,16,0,3,5,0,0,0,0,3,6,0,2,0,0,0,0,0,0,0,0,0
724,2017-05-04,0,0,0,0,0,5,0,1,1,0,0,0,0,1,2,0,9,0,0,1,0,0,0,0,0,0
725,2017-05-05,0,0,0,0,1,6,0,3,9,0,0,0,0,3,9,0,20,0,0,1,0,0,0,0,0,0
726,2017-05-06,0,10,0,0,0,9,0,1,1,0,0,1,0,1,2,1,16,0,0,1,0,0,0,0,0,0
727,2017-05-07,0,0,0,0,0,18,0,2,9,0,0,0,1,2,9,0,6,0,0,0,0,0,0,0,0,0
728,2017-05-08,0,0,0,0,0,26,0,3,9,0,0,0,0,3,9,0,1,0,0,0,0,0,0,0,0,0
729,2017-05-09,0,0,0,0,0,20,0,2,0,0,0,0,0,2,0,0,3,0,0,0,0,0,0,0,0,0
730,2017-05-10,0,0,0,0,1,15,0,1,3,0,0,0,1,1,3,1,4,0,0,1,0,0,0,0,0,0
731,2017-05-11,0,0,0,0,0,17,0,3,0,0,0,0,0,12,1,0,11,0,0,0,0,0,0,0,0,0
732,2017-05-12,0,0,0,0,0,18,0,4,2,0,0,0,1,30,7,1,8,0,0,0,0,0,0,0,0,0
733,2017-05-13,0,0,0,0,0,17,0,1,1,0,0,0,1,9,3,0,1,0,0,0,0,0,0,0,0,0
734,2017-05-14,0,0,0,0,0,22,0,2,0,0,0,0,0,11,9,1,1,0,0,0,0,0,0,0,0,0
735,2017-05-15,0,0,0,0,0,17,0,2,0,0,0,0,2,10,6,0,6,0,0,0,0,0,0,0,0,0
736,2017-05-16,0,0,0,0,0,11,0,2,0,0,0,1,1,10,1,0,2,0,0,0,0,0,0,0,0,0
737,2017-05-17,0,0,0,0,0,20,0,1,2,0,0,0,0,4,7,0,0,0,0,0,0,0,0,0,0,0
738,2017-05-18,0,0,0,0,0,8,0,2,0,0,0,0,0,11,1,1,1,0,0,0,0,0,0,0,0,0
739,2017-05-19,0,0,0,0,0,18,0,4,2,0,1,0,3,15,6,0,2,0,0,0,0,0,0,0,0,0
740,2017-05-20,0,0,0,0,0,23,0,2,0,0,2,0,4,10,0,1,5,0,0,0,0,0,0,0,0,0
741,2017-05-21,0,0,0,0,0,14,0,4,1,0,1,0,0,15,13,0,10,0,0,0,0,0,0,0,0,0
742,2017-05-22,0,0,0,0,0,5,0,1,0,0,0,0,0,6,0,0,14,0,0,1,0,0,0,0,0,0
743,2017-05-23,1,0,0,0,0,15,0,1,1,0,0,0,0,13,9,0,6,0,0,2,0,0,0,0,0,0
744,2017-05-24,0,0,0,0,0,13,0,5,3,0,0,0,0,25,6,0,15,0,0,2,0,0,0,0,0,0
745,2017-05-25,0,0,0,0,1,61,0,8,15,0,0,0,10,54,32,0,7,0,0,2,0,0,0,0,0,0
746,2017-05-26,0,0,0,0,2,268,0,46,11,3,2,7,2,322,29,0,22,0,0,4,0,0,0,0,0,0
747,2017-05-27,1,0,0,0,1,163,0,23,7,0,0,0,3,167,18,2,15,0,0,0,0,0,0,0,0,0
748,2017-05-28,0,0,0,0,1,29,0,7,2,0,0,0,5,45,16,0,10,0,0,1,0,0,0,0,0,0
749,2017-05-29,2,0,0,0,2,104,0,20,6,0,1,0,2,109,24,0,16,0,0,0,0,0,0,0,0,0
750,2017-05-30,0,0,0,0,0,7,0,1,0,0,0,0,2,6,0,0,13,0,0,1,0,0,0,0,0,0
751,2017-05-31,1,0,0,0,0,10,0,8,0,0,0,0,0,27,4,2,18,0,0,0,0,0,0,0,0,0
752,2017-06-01,0,0,0,0,0,14,0,2,5,0,0,0,0,12,14,0,9,0,0,0,0,0,0,0,0,0
753,2017-06-02,0,6,0,0,0,19,0,1,0,0,0,0,0,14,2,1,11,0,0,1,0,0,0,0,0,0
754,2017-06-03,0,0,0,0,0,16,0,0,0,0,1,0,0,4,3,3,0,0,0,0,0,0,0,0,0,0
755,2017-06-04,0,0,0,0,0,15,0,2,0,0,0,0,0,7,3,1,5,0,0,0,0,0,0,0,0,0
756,2017-06-05,0,0,0,0,0,7,0,2,0,0,0,0,0,10,0,0,11,0,0,0,0,0,0,0,0,0
757,2017-06-06,0,0,0,0,0,8,0,1,0,0,0,0,1,9,0,1,3,0,0,1,0,0,0,0,0,0
758,2017-06-07,0,0,0,0,0,16,0,0,0,0,0,0,2,4,0,0,11,0,0,0,0,0,0,0,0,0
759,2017-06-08,0,0,0,0,1,13,0,2,0,1,1,0,2,10,2,0,9,0,0,0,0,0,0,0,0,0
760,2017-06-09,2,0,0,0,0,18,0,4,0,0,1,0,0,13,2,0,8,0,0,1,0,0,0,0,0,0
761,2017-06-10,0,0,0,0,0,30,0,1,0,0,2,0,0,8,0,0,20,0,0,0,0,0,0,0,0,0
762,2017-06-11,0,0,0,0,0,13,0,2,0,0,0,0,0,12,1,0,6,0,0,0,0,0,0,0,0,0
763,2017-06-12,0,1,0,0,0,20,0,1,0,0,0,0,0,6,0,0,1,0,0,0,0,0,0,0,0,0
764,2017-06-13,0,9,0,0,0,31,0,6,0,0,0,0,0,15,1,0,1,0,0,0,0,0,0,0,0,0
765,2017-06-14,0,9,0,0,0,22,0,3,0,0,0,0,0,16,1,0,18,0,0,1,0,0,0,0,0,0
766,2017-06-15,0,0,0,0,0,15,0,2,0,0,1,0,0,13,0,0,11,9,0,0,0,0,0,0,0,0
767,2017-06-16,0,0,0,0,0,25,0,2,0,0,0,1,1,10,7,0,19,0,0,1,0,0,0,0,0,0
768,2017-06-17,0,0,0,0,0,12,0,2,0,0,0,0,0,9,1,1,13,0,0,0,0,0,0,0,0,0
769,2017-06-18,0,0,0,0,0,11,0,2,0,0,0,0,0,8,2,1,28,0,0,0,0,0,0,0,0,0
770,2017-06-19,0,0,0,0,0,16,0,0,0,0,1,0,1,8,0,1,5,0,0,0,0,0,0,0,0,0
771,2017-06-20,0,0,0,0,0,23,0,2,0,0,0,0,0,13,2,1,10,0,0,0,0,0,0,0,0,0
772,2017-06-21,1,0,0,0,0,11,0,1,0,0,0,0,0,10,1,1,16,0,0,0,0,0,0,0,0,0
773,2017-06-22,0,2,0,0,0,19,0,2,0,0,0,0,1,10,0,0,16,0,0,0,0,0,0,0,0,0
774,2017-06-23,0,1,0,0,0,29,0,3,0,0,0,0,2,14,2,0,7,0,0,0,0,0,0,0,0,0
775,2017-06-24,1,9,0,0,1,37,0,3,0,0,0,0,0,19,2,0,21,0,0,0,0,0,0,0,0,0
776,2017-06-25,0,0,0,0,0,26,0,0,0,0,1,0,0,9,3,2,17,0,0,0,0,0,0,0,0,0
777,2017-06-26,0,12,0,0,0,27,0,4,0,0,0,0,1,9,0,0,4,0,0,0,0,0,0,0,0,0
778,2017-06-27,0,9,0,0,0,10,0,0,0,0,0,0,0,8,2,1,17,0,0,0,0,0,0,0,0,0
779,2017-06-28,0,0,0,0,0,27,0,0,1,0,1,0,1,8,5,0,3,0,0,1,0,0,0,0,0,0
780,2017-06-29,0,0,0,0,0,24,0,1,0,0,0,0,0,10,2,0,6,0,0,0,0,0,0,0,0,0
781,2017-06-30,0,3,0,0,0,10,0,1,0,0,0,0,1,8,2,1,24,0,0,0,0,0,0,0,0,0
782,2017-07-01,0,5,0,0,0,144,0,10,1,0,0,4,4,51,6,1,20,0,0,0,0,1,1,0,0,40
783,2017-07-02,0,0,0,0,0,62,0,5,4,0,0,1,6,20,14,0,3,0,0,1,0,0,0,0,0,0
784,2017-07-03,3,0,0,0,0,58,0,5,9,1,0,0,6,25,19,1,1,0,0,0,11,0,0,0,0,0
785,2017-07-04,0,0,0,0,0,52,0,2,13,0,0,0,7,17,31,0,0,0,0,0,0,0,0,0,0,0
786,2017-07-05,2,0,0,0,0,147,0,9,9,0,0,0,5,45,25,0,1,0,0,0,3,0,0,0,0,0
787,2017-07-06,0,4,0,0,0,81,0,3,2,0,0,0,9,15,6,1,0,0,0,0,0,0,0,0,0,0
788,2017-07-07,0,17,0,0,0,117,0,11,8,0,0,0,4,35,25,0,14,0,0,0,0,0,0,0,0,0
789,2017-07-08,5,0,0,0,3,358,0,24,80,4,1,0,0,96,306,1,11,0,0,0,6,0,0,0,0,0
790,2017-07-09,5,0,0,0,1,111,0,31,9,1,0,1,0,122,30,4,16,0,0,0,0,0,0,0,0,0
791,2017-07-10,2,0,0,0,0,23,0,3,1,0,0,0,0,19,2,17,10,0,0,0,0,0,0,0,0,0
792,2017-07-11,0,0,0,0,0,29,0,8,4,0,1,1,0,40,10,8,9,0,0,0,0,0,0,0,0,0
793,2017-07-12,0,0,0,0,1,86,0,9,4,0,1,0,0,73,17,4,5,0,0,0,0,0,0,0,0,0
794,2017-07-13,0,0,0,0,0,55,0,12,0,0,0,0,0,65,8,0,4,0,0,0,0,0,0,0,0,0
795,2017-07-14,0,0,0,0,0,5,0,1,0,0,0,0,0,5,0,1,1,0,0,0,0,0,0,0,0,0
796,2017-07-15,2,0,0,0,3,66,0,10,6,0,0,0,0,59,18,2,3,0,0,0,0,0,0,0,0,0
797,2017-07-16,3,0,0,0,0,103,0,19,4,0,0,0,0,123,14,1,1,0,0,1,0,0,0,0,0,0
798,2017-07-17,10,0,0,0,2,174,0,37,10,0,2,0,0,208,30,0,2,0,0,1,0,0,0,0,0,0
799,2017-07-18,9,0,0,0,3,87,0,15,25,0,1,1,0,81,61,15,4,0,0,0,0,0,0,0,0,0
800,2017-07-19,6,0,0,0,3,104,0,29,8,0,0,0,1,91,27,2,0,0,0,0,2,0,0,0,0,0
801,2017-07-20,0,0,0,0,0,11,0,1,0,0,0,0,0,6,0,0,1,0,0,0,0,0,0,0,0,0
802,2017-07-21,0,0,0,0,0,9,0,2,0,0,0,0,0,10,1,0,3,0,0,0,0,0,0,0,0,0
803,2017-07-22,0,0,0,0,0,9,0,2,0,0,0,0,1,8,3,0,0,0,0,0,0,0,0,0,0,0
804,2017-07-23,0,0,0,0,0,4,0,2,0,0,0,0,0,10,0,0,1,0,0,0,0,0,0,0,0,0
805,2017-07-24,0,1,0,0,0,9,0,2,0,0,0,0,0,10,0,0,2,0,0,0,0,0,0,0,0,0
806,2017-07-25,0,0,0,0,1,2,0,1,0,0,0,0,1,7,0,0,3,0,0,1,0,0,0,0,0,0
807,2017-07-26,2,0,0,0,0,8,0,2,0,0,0,0,1,9,1,0,3,0,0,0,0,0,0,0,0,0
808,2017-07-27,0,0,0,0,0,16,0,3,0,0,0,0,1,16,2,0,0,0,0,0,0,0,0,0,0,0
809,2017-07-28,0,0,0,0,0,11,0,4,0,0,0,0,0,15,3,1,0,0,0,1,0,0,0,0,0,0
810,2017-07-29,0,0,0,0,0,11,0,2,0,0,0,0,1,10,0,1,1,0,0,0,0,0,0,0,0,0
811,2017-07-30,0,0,0,0,0,6,0,3,0,0,0,0,0,17,0,1,0,0,0,0,0,0,0,0,0,0
812,2017-07-31,0,0,0,0,0,16,0,4,2,0,1,0,0,18,9,0,2,0,0,0,0,0,0,0,0,0
813,2017-08-01,1,0,0,0,0,14,0,1,14,0,0,0,0,6,31,0,0,0,0,0,18,0,0,0,0,0
814,2017-08-02,1,0,0,0,0,9,0,2,0,0,0,0,2,10,2,1,2,0,0,0,0,0,0,0,0,0
815,2017-08-03,0,0,0,0,0,13,0,1,0,0,0,0,0,5,2,0,1,0,0,0,0,0,0,0,0,0
816,2017-08-04,0,0,0,0,0,5,0,4,0,0,0,0,0,20,0,1,0,0,0,0,0,0,0,0,0,0
817,2017-08-05,53,0,0,0,0,16,0,1,1,0,0,0,2,5,2,1,1,0,0,1,0,0,0,0,0,0
818,2017-08-06,0,0,0,0,0,21,0,3,0,0,0,0,2,16,0,0,0,0,0,0,0,0,0,0,0,0
819,2017-08-07,0,0,0,0,0,26,0,2,0,0,0,0,4,10,0,0,1,0,0,0,0,0,0,0,0,0
820,2017-08-08,0,0,0,0,0,22,0,2,0,0,0,1,7,11,2,6,0,0,0,0,0,0,0,0,0,0
821,2017-08-09,0,0,0,0,0,5,0,1,0,0,0,0,1,6,0,0,8,0,0,0,0,0,0,0,0,0
822,2017-08-10,0,0,0,0,0,12,0,3,0,0,0,0,0,16,1,2,2,0,0,0,0,0,0,0,0,0
823,2017-08-11,0,0,0,0,0,11,0,3,2,0,0,0,0,16,7,6,5,0,0,1,0,0,0,0,0,0
824,2017-08-12,0,0,0,0,0,9,0,5,2,0,0,0,3,17,9,5,9,0,0,0,0,0,0,0,0,0
825,2017-08-13,2,14,0,0,0,9,0,1,1,0,0,0,0,7,6,3,7,0,0,1,0,0,0,0,0,0
826,2017-08-14,4,7,0,0,0,7,0,1,1,0,1,0,0,11,4,2,8,0,0,0,0,0,0,0,0,0
827,2017-08-15,5,0,0,0,0,15,0,3,0,0,0,0,0,15,3,1,7,0,0,0,0,0,0,0,0,0
828,2017-08-16,22,0,0,0,0,7,0,1,1,0,0,0,1,6,4,1,14,0,0,0,0,0,0,0,0,0
829,2017-08-17,0,0,0,0,0,24,0,1,0,0,0,0,0,7,3,1,9,0,0,0,0,0,0,0,0,0
830,2017-08-18,0,0,0,0,0,19,0,1,0,0,0,0,0,4,1,0,3,0,0,0,0,0,0,0,0,0
831,2017-08-19,0,0,0,0,4,101,0,17,7,0,0,0,0,104,31,2,9,0,0,0,0,0,0,0,0,0
832,2017-08-20,2,0,0,0,0,81,0,21,10,0,0,1,0,109,25,1,13,0,0,1,0,0,0,0,0,0
833,2017-08-21,1,0,0,0,6,83,0,25,3,0,0,1,1,134,8,2,12,0,0,0,0,0,0,0,0,0
834,2017-08-22,5,0,0,0,5,90,0,22,13,0,0,0,0,93,42,0,15,0,0,1,0,0,0,0,0,0
835,2017-08-23,1,0,0,0,1,34,0,6,6,2,1,0,0,19,26,0,5,3,0,1,0,0,0,0,0,0
836,2017-08-24,0,0,0,0,0,55,0,4,2,0,1,0,0,16,17,0,0,10,0,0,0,0,0,0,0,0
837,2017-08-25,0,0,0,0,0,37,0,1,4,0,2,0,0,16,11,0,0,24,0,0,0,0,0,0,0,0
838,2017-08-26,1,0,0,0,2,107,0,11,25,1,0,0,0,65,58,0,2,0,0,0,0,0,0,0,0,0
839,2017-08-27,0,0,0,0,0,47,0,1,12,0,0,0,0,15,30,0,4,0,0,0,0,0,0,0,0,0
840,2017-08-28,5,0,0,0,5,295,0,59,25,0,4,0,0,325,72,1,1,0,0,0,0,0,0,0,0,0
841,2017-08-29,33,0,0,0,3,53,0,4,9,0,0,1,0,13,22,3,3,0,0,0,0,0,0,0,0,0
842,2017-08-30,29,0,0,0,0,40,0,2,5,3,0,1,0,15,14,1,18,0,0,0,0,0,0,0,0,0
843,2017-08-31,56,0,0,0,0,20,0,2,8,0,1,0,1,9,28,2,25,0,0,0,0,0,0,0,0,0
844,2017-09-01,18,4,0,0,0,35,0,5,7,0,0,7,1,18,18,1,11,0,0,0,0,0,0,0,0,0
845,2017-09-02,21,1,0,0,0,34,0,2,1,0,0,0,0,11,10,0,1,0,0,0,0,0,0,0,0,0
846,2017-09-03,3,0,0,0,0,13,0,2,2,0,0,0,9,10,4,0,8,0,0,0,0,0,0,0,0,0
847,2017-09-04,19,0,0,0,0,16,0,1,2,0,0,0,0,8,7,1,3,0,0,0,0,0,0,0,0,0
848,2017-09-05,3,0,0,0,2,37,0,1,7,0,0,0,0,7,19,0,3,0,0,0,0,0,0,0,0,0
849,2017-09-06,4,0,0,0,0,40,0,2,0,0,0,0,0,10,0,0,1,0,0,0,0,0,0,0,0,0
850,2017-09-07,6,0,0,0,0,25,0,3,0,0,6,0,0,15,0,5,3,0,0,0,0,0,0,0,0,0
851,2017-09-08,8,0,0,0,0,19,0,2,3,0,0,0,2,13,11,1,9,0,1,0,0,0,0,0,0,0
852,2017-09-09,2,0,0,0,0,30,0,3,0,0,0,0,0,17,3,0,11,0,0,0,0,0,0,0,0,0
853,2017-09-10,0,0,0,0,0,23,0,2,1,0,0,0,1,10,5,0,6,0,0,0,0,0,0,0,0,0
854,2017-09-11,1,0,0,0,0,17,0,4,0,0,0,1,0,13,3,0,4,0,0,0,0,0,0,0,0,0
855,2017-09-12,0,0,0,0,0,17,0,2,0,0,0,0,0,10,0,0,7,0,0,0,0,0,0,0,0,0
856,2017-09-13,0,0,0,0,0,25,0,3,0,0,0,4,1,16,2,6,8,0,0,0,0,0,0,0,0,0
857,2017-09-14,0,0,0,0,0,23,0,4,2,0,0,0,0,14,5,0,0,0,0,0,0,0,0,0,0,0
858,2017-09-15,0,0,0,0,0,27,0,2,1,0,0,0,0,10,4,0,1,0,0,0,0,0,0,0,0,0
859,2017-09-16,0,0,0,0,0,28,0,2,3,0,0,1,0,6,13,1,5,0,0,0,2,0,0,0,0,0
860,2017-09-17,1,0,0,0,1,46,0,2,1,0,0,0,0,13,5,0,3,0,3,0,4,0,0,0,0,0
861,2017-09-18,0,0,0,0,0,38,0,3,1,0,0,0,0,15,3,0,4,0,0,1,2,0,0,0,0,0
862,2017-09-19,11,0,0,0,0,33,0,2,1,0,0,0,0,11,4,1,4,0,0,0,0,0,0,0,0,0
863,2017-09-20,2,0,0,0,0,25,0,22,4,0,0,1,5,59,17,4,9,0,2,1,0,0,0,0,0,0
864,2017-09-21,0,0,0,0,0,18,0,1,0,0,0,0,0,5,0,0,4,0,0,0,0,0,0,0,0,0
865,2017-09-22,2,0,0,0,1,14,0,2,0,0,0,3,0,13,2,0,18,0,0,1,0,0,0,0,0,0
866,2017-09-23,1,0,0,0,0,12,0,2,0,0,2,1,0,8,2,0,20,0,0,0,0,0,0,0,0,0
867,2017-09-24,2,0,0,0,2,33,0,1,5,0,0,0,0,5,13,0,11,0,0,0,0,0,0,0,0,0
868,2017-09-25,0,0,0,0,0,42,0,1,0,0,0,0,0,5,0,1,1,0,0,0,0,0,0,0,0,0
869,2017-09-26,0,0,0,0,0,23,0,1,1,0,0,0,0,6,6,1,0,0,0,0,0,0,0,0,0,0
870,2017-09-27,0,0,0,0,0,22,0,3,8,0,0,0,0,15,18,0,0,0,0,0,0,0,0,0,0,0
871,2017-09-28,0,0,0,0,0,26,0,2,0,0,0,0,0,10,0,0,0,0,0,0,0,0,0,0,0,0
872,2017-09-29,0,0,0,0,0,18,0,2,0,0,0,0,2,14,2,0,0,0,0,0,0,0,0,0,0,0
873,2017-09-30,0,0,0,0,0,28,0,2,0,0,0,0,0,11,5,0,0,0,0,1,0,0,0,0,0,0
874,2017-10-01,0,0,0,0,0,10,0,3,2,1,0,0,0,16,8,1,0,0,0,0,0,0,0,0,0,0
875,2017-10-02,0,0,0,0,0,10,0,1,0,0,0,1,7,5,2,0,6,0,0,1,0,0,0,0,0,0
876,2017-10-03,1,0,0,0,0,37,0,3,0,0,0,0,14,13,3,1,5,0,0,0,0,0,0,0,0,0
877,2017-10-04,0,0,0,0,0,40,0,4,1,0,0,2,0,22,6,0,1,0,0,0,0,0,0,0,0,0
878,2017-10-05,1,0,0,0,0,31,0,3,0,0,0,0,0,18,0,0,0,0,0,0,0,0,0,0,0,0
879,2017-10-06,0,0,0,0,0,26,0,2,4,0,0,0,0,10,9,0,1,0,0,0,0,0,0,0,0,0
880,2017-10-07,0,1,0,0,0,9,0,2,0,0,0,0,0,10,1,0,0,0,0,0,0,0,0,0,0,0
881,2017-10-08,1,0,0,0,0,28,0,2,4,0,1,1,0,11,14,3,3,0,0,0,0,0,0,0,0,0
882,2017-10-09,4,0,0,0,0,14,0,7,0,1,0,0,0,22,1,0,0,0,0,0,0,0,0,0,0,0
883,2017-10-10,0,0,0,0,0,31,0,2,1,0,0,0,0,9,6,1,0,0,0,0,0,0,0,0,0,0
884,2017-10-11,1,0,0,0,0,20,0,2,0,0,0,0,7,15,1,4,5,0,0,0,0,0,0,0,0,0
885,2017-10-12,4,0,0,0,0,46,0,3,0,0,0,0,22,16,6,182,8,0,0,0,0,0,0,0,0,0
886,2017-10-13,0,0,0,0,0,4,0,3,0,0,0,0,0,10,0,0,0,0,0,1,0,0,0,0,0,0
887,2017-10-14,0,0,0,0,0,20,0,3,0,0,0,0,0,15,4,1,1,0,0,1,0,0,0,0,0,0
888,2017-10-15,0,0,0,0,0,19,0,1,0,0,0,0,0,6,0,0,0,0,0,0,0,0,0,0,0,0
889,2017-10-16,0,0,0,0,0,10,0,2,2,0,0,0,2,10,4,0,0,0,0,0,0,0,0,0,0,0
890,2017-10-17,9,0,0,0,0,39,0,3,0,0,0,0,0,19,1,0,1,0,0,0,0,0,0,0,0,0
891,2017-10-18,10,0,0,0,0,36,0,2,0,0,0,0,0,12,1,0,4,0,0,0,0,0,0,0,0,0
892,2017-10-19,7,0,0,0,0,30,0,1,0,2,0,0,0,5,0,0,0,0,0,1,0,0,0,0,0,0
893,2017-10-20,9,0,0,0,0,33,0,0,0,0,0,0,1,3,1,0,0,0,0,1,0,0,0,0,0,0
894,2017-10-21,3,0,0,0,0,24,0,1,1,0,0,0,0,9,4,0,0,0,0,0,0,0,0,0,0,0
895,2017-10-22,2,0,0,0,0,30,0,0,0,0,0,0,0,7,3,0,0,0,0,0,0,0,0,0,0,0
896,2017-10-23,5,0,0,0,0,19,0,2,0,0,0,0,0,10,0,0,0,0,0,0,0,0,0,0,0,0
897,2017-10-24,1,0,0,0,1,22,0,1,1,0,0,0,0,10,3,0,0,0,0,0,0,0,0,0,0,0
898,2017-10-25,0,0,0,0,0,17,0,4,0,0,0,0,0,22,1,0,1,0,0,0,0,0,0,0,0,0
899,2017-10-26,1,0,0,0,0,16,0,2,2,0,0,0,0,12,4,0,6,0,0,0,0,0,0,0,0,0
900,2017-10-27,13,0,0,0,0,63,0,5,3,3,0,0,0,24,14,0,0,0,0,0,0,0,0,0,0,0
901,2017-10-28,14,0,0,0,0,22,0,2,3,0,0,0,0,11,11,0,1,0,0,0,0,0,0,0,0,0
902,2017-10-29,0,0,0,0,0,19,0,2,0,2,0,0,0,10,0,1,8,0,0,1,0,0,0,0,0,0
903,2017-10-30,1,0,0,1,0,18,0,3,0,1,1,0,0,15,1,0,3,0,0,0,0,0,0,0,0,0
904,2017-10-31,0,0,0,0,0,28,0,4,0,0,1,0,0,29,1,0,2,0,0,0,0,0,0,0,0,0
905,2017-11-01,0,0,0,0,0,18,0,5,2,1,2,0,0,19,6,0,5,0,0,0,3,0,0,0,0,0
906,2017-11-02,3,0,0,0,0,23,0,1,0,1,2,0,0,10,3,1,6,0,0,0,0,0,0,0,0,0
907,2017-11-03,0,0,0,0,0,39,0,1,0,0,1,0,0,8,0,0,1,0,0,0,0,0,0,0,0,0
908,2017-11-04,0,0,0,0,0,38,0,2,1,0,0,0,0,15,7,0,1,0,0,0,0,0,0,0,0,0
909,2017-11-05,0,0,0,0,0,8,0,2,0,0,0,0,0,10,0,0,1,0,0,0,0,0,0,0,0,0
910,2017-11-06,0,0,0,0,0,19,0,1,0,0,0,0,1,13,2,0,0,0,0,0,0,0,0,0,0,0
911,2017-11-07,0,0,0,0,0,5,0,1,0,0,0,0,1,5,2,0,1,0,0,0,0,0,0,0,0,0
912,2017-11-08,0,0,0,0,0,17,0,0,0,0,0,0,0,8,0,0,1,0,0,0,0,0,0,0,0,0
913,2017-11-09,0,0,0,0,0,20,0,1,0,0,1,0,0,17,1,0,0,0,0,1,0,0,0,0,0,0
914,2017-11-10,0,0,0,0,0,31,0,1,0,0,1,0,0,17,2,0,2,0,0,0,0,0,0,0,0,0
915,2017-11-11,0,0,0,0,0,43,0,1,1,0,0,0,0,9,7,1,0,0,0,0,0,0,0,0,0,0
916,2017-11-12,0,0,0,0,2,50,0,3,0,0,0,3,1,41,0,1,5,0,0,0,0,0,0,0,0,0
917,2017-11-13,0,0,0,0,0,37,0,7,5,0,0,9,10,25,10,3,0,0,0,1,0,0,0,0,0,0
918,2017-11-14,0,0,0,0,0,30,0,3,0,0,0,0,0,15,0,0,2,0,0,0,0,0,0,0,0,0
919,2017-11-15,0,0,0,0,0,22,0,3,0,0,0,2,0,17,2,0,20,0,0,0,0,0,0,0,0,0
920,2017-11-16,0,0,0,0,0,16,0,2,1,0,0,1,0,10,3,0,8,0,0,0,0,0,0,0,0,0
921,2017-11-17,22,0,0,0,0,25,0,1,0,0,0,0,0,6,6,0,0,0,0,1,0,0,0,0,0,0
922,2017-11-18,29,0,0,0,0,13,0,3,1,0,0,2,0,17,3,0,17,0,0,1,0,0,0,0,0,0
923,2017-11-19,3,0,3,0,0,69,0,10,6,0,0,0,0,54,13,0,3,0,0,0,0,0,0,0,0,0
924,2017-11-20,6,0,0,0,0,5,0,2,0,0,0,0,0,10,0,0,0,0,0,1,0,0,0,0,0,0
925,2017-11-21,1,0,0,0,0,11,0,1,0,0,0,0,0,5,4,0,0,0,0,0,0,0,0,0,0,0
926,2017-11-22,0,0,0,0,0,25,0,1,1,0,0,0,0,9,4,0,0,0,0,1,0,0,0,0,0,0
927,2017-11-23,2,0,0,0,0,11,0,2,0,0,0,0,0,10,2,0,0,0,0,0,0,0,0,0,0,0
928,2017-11-24,4,0,0,0,0,18,0,4,4,0,0,0,0,20,17,0,0,0,0,1,0,0,0,0,0,0
929,2017-11-25,1,0,0,0,0,25,0,2,0,0,0,0,0,10,2,0,0,0,0,0,0,0,0,0,0,0
930,2017-11-26,4,0,0,0,0,20,0,3,3,0,2,0,0,17,14,0,2,0,0,0,2,0,0,0,0,0
931,2017-11-27,7,0,0,0,2,97,0,8,18,2,0,0,0,44,59,1,1,1,0,1,0,0,0,0,0,0
932,2017-11-28,1,0,0,0,1,29,0,3,1,0,2,0,0,17,2,0,0,0,0,0,7,0,0,0,0,0
933,2017-11-29,0,0,0,0,0,25,0,2,0,0,0,0,1,10,0,0,0,0,0,0,1,0,0,0,0,0
934,2017-11-30,3,0,0,0,0,26,0,2,2,3,1,0,1,13,4,0,1,0,0,1,0,0,0,0,0,0
935,2017-12-01,9,0,0,0,0,22,0,2,0,0,0,0,0,10,3,0,0,0,0,0,0,0,0,0,0,0
936,2017-12-02,57,0,0,0,0,20,0,1,1,1,1,0,0,5,9,0,2,0,0,0,0,0,0,0,0,0
937,2017-12-03,8,0,0,0,1,111,0,3,19,0,0,0,12,28,104,0,2,0,0,0,0,0,0,0,0,0
938,2017-12-04,0,0,0,0,0,67,0,9,13,0,0,0,0,44,22,3,5,0,0,0,0,0,0,0,0,0
939,2017-12-05,0,0,0,0,0,32,0,2,0,0,0,0,0,12,4,3,2,0,0,0,0,0,0,0,0,0
940,2017-12-06,0,0,0,0,0,26,0,6,0,0,0,0,0,20,3,0,3,0,0,0,0,0,0,0,0,0
941,2017-12-07,8,0,0,0,0,13,0,4,0,0,0,0,6,22,1,1,3,0,0,1,0,0,0,0,0,0
942,2017-12-08,9,0,0,0,0,24,0,2,0,0,0,0,9,9,2,0,5,0,0,1,0,0,0,0,0,0
943,2017-12-09,16,0,0,0,0,33,0,1,1,0,0,0,0,6,5,0,0,0,0,0,0,0,0,0,0,0
944,2017-12-10,0,0,0,0,0,34,0,2,1,0,0,0,0,14,6,0,1,0,0,1,0,0,0,0,0,0
945,2017-12-11,0,0,0,0,0,23,0,1,3,1,0,0,1,5,18,2,2,0,0,0,0,0,0,0,0,0
946,2017-12-12,1,0,0,0,0,38,0,6,8,0,0,0,0,21,33,2,4,0,0,1,0,0,0,0,0,0
947,2017-12-13,0,0,0,0,0,59,0,3,0,1,0,0,0,15,4,0,6,0,0,0,0,0,0,0,0,0
948,2017-12-14,0,0,0,0,0,32,0,2,0,0,0,0,0,10,0,0,0,0,0,1,0,0,0,0,0,0
949,2017-12-15,0,0,0,0,0,7,0,2,2,0,0,0,4,10,13,1,2,0,0,0,0,0,0,0,0,0
950,2017-12-16,1,0,0,0,0,23,0,2,7,0,0,0,26,15,31,1,9,0,0,1,0,0,0,0,0,0
951,2017-12-17,0,0,0,0,0,44,0,8,0,0,2,0,26,51,1,0,19,0,0,0,0,0,0,0,0,0
952,2017-12-18,0,0,0,0,0,42,0,5,6,0,2,0,30,31,15,1,12,0,0,0,0,0,0,0,0,0
953,2017-12-19,0,0,0,0,0,27,0,4,0,0,0,1,21,16,1,1,5,0,0,1,0,0,0,0,0,0
954,2017-12-20,0,0,0,0,0,8,0,3,0,0,0,1,2,15,0,0,3,0,0,0,0,0,0,0,0,0
955,2017-12-21,0,0,0,1,0,7,0,2,0,0,0,0,1,9,0,1,3,0,0,0,0,0,0,0,0,0
956,2017-12-22,0,0,0,0,0,9,0,3,0,0,0,0,0,14,8,0,0,0,0,1,0,0,0,0,0,0
957,2017-12-23,0,0,0,0,0,20,0,3,3,0,2,0,0,11,18,0,1,0,0,0,0,0,0,0,0,0
958,2017-12-24,0,0,0,1,0,25,0,3,1,0,0,0,0,16,18,0,1,0,0,0,0,0,0,0,0,0
959,2017-12-25,1,0,0,0,0,19,0,3,0,0,0,0,0,17,10,3,3,0,0,0,0,0,0,0,0,0
960,2017-12-26,17,0,0,2,0,22,0,2,0,0,0,0,0,12,5,12,8,0,0,0,0,0,0,0,0,0
961,2017-12-27,0,0,0,8,1,8,0,2,0,0,0,0,0,11,5,12,7,0,0,0,0,0,0,0,0,0
962,2017-12-28,0,0,0,33,0,41,0,4,0,0,0,0,38,27,0,6,1,0,0,0,0,0,0,0,0,0
963,2017-12-29,5,0,0,25,0,43,0,1,1,0,0,0,3,8,7,0,1,0,0,0,0,0,0,0,0,0
964,2017-12-30,6,0,0,0,0,35,0,1,2,0,0,0,3,9,7,0,1,0,0,1,0,0,0,0,0,0
965,2017-12-31,38,0,0,1,6,96,0,2,1,0,2,0,6,9,21,1,1,0,0,0,0,0,0,0,0,0
966,2018-01-01,7,0,0,2,1,100,0,16,14,1,1,0,0,75,68,0,1,0,0,1,0,0,0,0,0,0
967,2018-01-02,13,0,0,0,0,51,0,5,1,0,0,1,4,24,16,4,2,0,0,1,0,0,0,0,0,0
968,2018-01-03,23,0,0,0,0,63,0,2,2,0,0,3,3,15,16,12,1,0,0,0,0,0,0,0,0,0
969,2018-01-04,36,0,0,0,0,90,0,11,2,0,0,0,0,63,24,0,3,0,0,0,0,0,0,0,0,0
970,2018-01-05,13,0,0,0,0,62,0,3,0,0,0,2,0,25,3,2,0,0,0,1,0,0,0,0,0,0
971,2018-01-06,89,0,0,22,0,56,0,7,2,0,1,1,0,23,22,8,2,0,0,1,0,0,0,0,0,0
972,2018-01-07,12,0,0,25,0,42,0,3,0,0,0,0,0,9,10,5,0,0,0,0,0,0,0,0,0,0
973,2018-01-08,1,0,0,0,0,42,0,3,1,0,0,0,0,16,4,1,0,0,0,0,0,0,0,0,0,0
974,2018-01-09,0,0,0,0,0,32,0,3,0,0,0,0,0,15,0,1,1,0,0,0,0,0,0,0,0,0
975,2018-01-10,2,0,0,0,0,20,0,2,0,0,0,0,0,7,7,5,9,0,0,0,0,0,0,0,0,0
976,2018-01-11,0,0,0,0,0,19,0,2,1,0,0,0,0,10,6,0,4,0,0,0,0,0,0,0,0,0
977,2018-01-12,0,0,0,32,0,11,0,3,0,0,0,0,0,9,2,1,16,0,0,1,0,0,0,0,0,0
978,2018-01-13,38,0,0,13,0,15,0,4,0,0,0,0,0,15,8,1,0,0,0,0,0,0,0,0,0,0
979,2018-01-14,14,0,29,4,0,15,0,2,2,0,0,0,0,10,15,2,2,1,0,0,0,0,0,0,0,0
980,2018-01-15,5,0,0,0,0,1,1,2,0,0,1,1,0,10,0,0,5,3,0,7,0,0,0,0,0,0
981,2018-01-16,23,0,0,0,1,19,0,3,1,0,0,0,0,15,5,1,5,3,0,6,0,0,0,0,0,0
982,2018-01-17,6,0,0,0,1,10,0,3,0,0,0,3,14,18,5,1,2,3,0,2,0,0,0,0,0,0
983,2018-01-18,0,0,0,0,0,1,0,0,0,0,0,1,0,0,0,0,0,0,0,0,0,0,0,0,0,0
